Feature,T1-S5,T3-S1,T3-S2,T3-S3,T3-S4,T3-S5,T3-S6,T3-S7,T3-S8,T3-S9,T3-S10,T4-S1-1,T4-S1-2,T4-S3,T4-S4,T4-S5,T4-S6,T4-S7,T4-S8,T4-S9,T4-S10,T3-S3a,T3-S4a,T3-S5a,T3-S6a,T3-S8a,T3-S9a,T3-S10a,T4-S1a,T4-S4a,T4-S6a,T4-S8a,T4-S10-1a,T4-S10-2a
1.14.14.1,3,3,4,4,3,3,3,3,3,3,6,3,3,3,3,3,3,3,3,3,6,2.48,3,4,3,4,4,5,5,4,3,3,3.95,3.26
1.14.14.17,2,2,3,2,2,2,2,2,2.99,2,3,2,2,2,2,3,2,2,3,2,3,2,2,2,2,2,2,2,2,2,2,2,2,2
1.14.14.18,5,5,6,6,7,6,7,6,6,7,6,4,5,5.31,7,5,7,5,7,6,7,7,5,6,8,5,7,9,6,8,7,7,7,7
1.14.14.47,2,2,2,2,2,2,2,2,2,2,2,2,2,2,2,2,2,2,2,2,2,2,2,2,2,2,2,2,2,2,2,2,2,2
1.14.14.5,2,2,2,2,2,2,3,2,2,2,2,2,3,3,2,3,2,2,2,2,2,2,3,2,2,3,2,2,2,2,2,2,2,2
1.11.1.6,8,7,7,9,8,8,8,7.04,8,7.09,6.3,7.23,8,8,8,8,8,8,7,8,7,8,8,10,8,8,8,8,8,7,8,8,9,8
1.14.14.9,2,2,4,3,3,3,2,2.12,2,3,2.36,2,2,3.02,2,2,2,2,4,3,2,2,2,2,2,2,3,3,3,2,2,2,2,2
1.14.15.3,3,3,4,4,3.69,3,4,3,3,4,4,3,3,4,3,3,3,3,3,3,4,2,3,3,4,4,3,3,2,4,4,2,3,3
1.14.16.1,2,2,2,2,2,2,2,2,2,2,2,2,2,2,2,3,2,2,2,2,2.02,2,2,2,2,2,2,3,2,2,2,2,2,2
1.1.1.169,4.07,5,4,5,5,4,6,4,5,5,4,4.93,5,5,4.96,5,6,5,4,4,4,5,7,6,7,7,7,5,5,7,5,5,7,5
1.14.18.2,1.82,1.99,2,2,2,1,2,1,2,2,1.92,2,2,2,1.97,2,2,2,1.83,1.88,2,1.73,2,2,2,2,2,1.93,1.88,1.97,2,1.99,1.93,2
1.1.1.17,2,3,3,4,3,2,3,3,2,4,2,3,3,5,2,2.1,3,3,4,3,3,3,3,3,2,3,3,2,2,2,2,2.02,2,2
1.14.19.17,1,1,1,1,2,1,2,2,1.84,2,1,1.73,1,1,1.82,1.97,2,1.99,1.67,1.92,1,1,1,1.99,1.96,2,1.96,1.84,1,2,2,1.88,1,1.85
1.1.1.18,2,2,2,2.08,2,2,2,2,2,2,2,2,2,3,2,2,2,2.01,3,2,2,2,2,2,2,3,2,2,2,2,2,2,2,2
1.14.99.46,2,2,2,2,2,2,2,2,2,2,2,2,2,2,2,2,2,2,2,2,2,2,2,2,2,2,2,2,2,2,2,2,2,2
1.14.99.50,3.07,4,5,4.04,4,5,4,3,4,4,4,4,4,4.8,4,4.88,4,3.01,4.76,4,5,4,4,4,4,4,4,3,3,4,4,4,3,4
1.1.5.12,2,2,2,2,2.69,2,3,2,2,2,2,2,2,2.65,2,2,3,2,2,2,2.02,2,3,2,2,3,2,3,2,3,2.47,2,3,2
1.1.5.2,2,2,2,2,2,2,2,2,2,2,2,2,2,2,2,2,2,2,2,2,2,2,2,2,2,2,2,2,2,2,2,2,2,2
1.1.5.3,5.07,4.51,5.73,6.01,6,4,6,5.11,6,6,5,5,5,6,5,6,5,5,5,5,6,4,6,5,5,7,5,7,5,5,5,4,6,5.01
1.1.5.4,2,3,3,3,3,3,3,3,3,3,3,3,3,3,3,3,3,3,3,3,3,4,3,4,7,4,5,5,3,4,3,4,3,4
1.16.3.1,1,1,2,1,1,1.87,1,2,1.87,1.94,1.99,1,1,1.99,1.92,2,1,1,1.99,1,2,1,1,1.84,1,1,1.7,1,1,1,1,1.89,2,1
1.17.1.4,3.01,4,5,5,5,5,6,4,3,5,4,4,5,4,4,4,5,5,6,6,6,4,4,4,5,5,3.81,4,3,4,4,4,5,5
1.17.1.8,4,3,4,4,4,3,5,3,4,3,4,4,4,5,4,5,4,4,4,3.99,5,3,6,3,3.01,5,4,4,3,4,4,3,6,5
1.17.1.9,5,4,6,5,5,5,4,5,6,5,4,3.19,4,6,3.99,6,4,5,4.01,5,4,7,4,8,4,7,4.69,3.96,5.89,5,4.22,6,3.89,3
1.17.4.1,4.07,4.03,5.73,6,6,6,8,5,5,6.07,5,5,5,6,5.45,6.97,6.01,5,7,6,6,5,5.91,4,7,7.95,5,9,5,6,6.93,5,5.05,6
1.17.4.2,2,2,2,2,2,2,4,2,2,2,2,2,2,2,2,2,3,2,2,2,2,3,2,2,2,2,2,2,2,2,2,5,2,2
1.17.7.3,3,3.11,3,4,3,4,5,4,3,3.04,3,4,4,4,3,4,4,3.01,5,3,3,3,4,3.41,3,5,3,3,6,3,4,3,3,3
1.17.7.4,2.07,4,4,5,6,3.14,5,3.06,3,4.1,5,4,3,5,5,3,4,4,4,5,4,2,6,3,4,5,3,3.01,3,6,4,2,3,3
1.18.1.2,6.07,5.5,5,6,5.83,6,7,6,6,6,6,5.48,6,7,5,7,6,5,7,5,6,8,7,6,6,7,8,8,7,8,5,7,6,6.4
1.18.1.3,1.63,1.98,1,2,2,1,2,1,1.99,1.98,2,1.97,1.73,2,2,2,2,2,2,2,2,1.91,2,1.98,1.99,2,2,2,1,2,2,1,1.93,1
1.18.6.1,2,2,2,2,2,2,2.93,3,2,2,2,2,2,2.08,2,2,2,4.11,2.57,2.06,2,2,3,2,2,3,2,2,2,2,2,2.05,2,2
1.1.98.6,2.07,3,3,4,4,3,5,4.71,3,4,3,4,4,4,3,4,4,5,4.93,3,3,2.2,4,3,3,6,3,3,3,3,3,3,3,3
1.1.99.3,2,2,3.91,3,2.09,3,3,2,2,3,3,2,2,4,2,3,3,3,5,2,3,3,3,2,3,3,3,4,2,3,3,3,2.01,3
1.2.1.10,2,2,2,2,2,2,3,2,2,2,2,2,2,2,2,2,2,2,2,2,2,2,2.02,2,3,3,2,2,2,2,2,2,4,3
1.2.1.11,2.36,3,3.08,3,3,3,6,2.88,3,4,3,3,3,3,2.92,3,6,3,3,3,3,3,4,3,4,4,3,5,4,3,5,3,4,4
1.2.1.12,4.04,5,5,7,7,5,10,5.57,4,5,7,6.83,7,7,7,6,9,6,7,6,7,3.28,6,4,5,6,5,5,3,5,6,4,6.35,4.28
1.2.1.19,5.01,5,6,6,5,5,5,5,5,5,5.06,5,5,7,6,7,4,5,7,6,6,6,7,5.02,9,6,8,6,4,7,6,6,4,5
1.2.1.27,5.04,5,6,6,4,5,6,4,6,4,4,5,6,8,3,8,5,3,6,4.12,5,2.97,4,3,3,5,3,4,2.99,3,3,2.99,3,3.6
1.21.3.1,1,1.92,1,1,1.89,1,1,1,1,1,1,1.98,1,1,1,1,1,1,1,1,1,1,1.92,1,1,1,1.63,1.8,1,1,1,1,1,1
1.2.1.38,3.07,5,4.47,6,5.01,4,7,4,5,5.03,4,5,5,6,5,5,5,4,5,5,5,6,7,4,5,6.98,6,5,5,6,5,6,6,5
1.2.1.41,7,7,10,7.07,5,8,7,5,8.71,7,7,7,8,8,5,8,6,5,6,6,8,6,5,9,5,8,4,5,8,3,6,8,6,5
1.21.4.1,2,3,2,2,2,2,2.01,2.64,2,2,2,3,3,2,2,2,2,3,3,2,2,4,4,4,9,3,7.11,5.07,3,6,4,4.24,2,5
1.2.1.50,2,3,2,4,3,2,4,2.54,3,4,2.54,3,3,4,3,2,4,2,3,3,3,2,4,2,2,3,3,2.01,2,2,2,2,2,2
1.2.1.59,2,2,2,2,2,2,2.52,2,2,2,2,2,2,2,2,2,2,2,2,2,2,2,2,2,2,2,2,2,1.98,2,2,2,2,2
1.2.1.70,4,5,6,5,4,4,6,4,5,4,4,5,5,5,3,5,5,4,7,4,4,4,4,5,4,5.97,5,5,4,5,4,4,4,3
1.2.1.71,2,2,2.52,3,2.96,2,3,3,2,3,5,2,2,3,2,2.91,3,3,3,2,5,2,3,2,3.91,3,4,2.96,2,3,3,2,2,2
1.2.1.72,2,2,2,2,2,2,2,2,2,2,2,2,2,2,2,2,2,2,2,2,2,2,2,2,2,2,2,2,2,2,2,2,3,3
1.2.1.73,2,3,3,2,2.01,2,3,2,4,5,2,2,3,2,2,2,2,2,3,2,3,3,3,3,3.9,5,6.48,5,5,3,4,3,4,4
1.2.1.8,2,2,2,2,2,2,3,3,2,2,2,2,2,2.85,2,2,2,3,2,2,2,2,3,2,2,3,2,2,2,2,2,2,2,2
1.2.1.84,2.07,4,3,2,2.01,3,3,2,3,3,2,3,3,2,2,2.98,2.78,2,3.01,3,2,3,2,2.98,3.16,2,3,2,2,2,2,3.16,2,2.68
1.2.1.88,2,2,2,3,3,2,3,2,2,2,3,2,2,3,2,2.39,2.04,2.09,2,2,3,2,3,2,2,3,2,3,2,3,2,2,2,2
1.1.1.205,3,7,6,6,7,5.99,7,6,4.04,5.26,4,6.54,7,6,6,6,6,6,5,5,4,3,6,4,3,6,6,4,4,4,4,3,4,3.91
1.21.98.1,1,1,1,1,1,1,1,1,1,1,1,1,1,1,1,1,1,1,1,1,1,1,1.61,1,1,1,1,1,1,1,1,1,1,1
1.2.3.3,2,2,4,2,2,3,3,2,4,3,2,2,2,2,2,3,3,2,3,2,2,2,2,2,4,2,2,2,2,2,4,2,2,2
1.2.4.1,4.07,5,8,6,8,8,7,6,5,6,6.11,5.44,6,6,6,5.32,5,6,8,7,7.41,6,7,5,9,7.97,7,7,4,6,6,6,8,7
1.2.4.2,4.06,5,5,5,6,6,6,5,7,6,5.06,5.04,6,5.02,6,7,4.86,5,5,5,5,5,9,4,5,6,4.52,5,4,5,4.07,4,5,5
1.2.4.4,2,2,2,2,2,2,2,2,3,2,2,2,2,3,2,2,2,2,2,2,2,2,3,3,2,3,2,2,2,2,2,2,2,2
1.2.7.12,2,2,2,3,4.55,2,2.24,4,2,4,4.47,3,3,3,3,2,2.66,3,2,3,4,2,2,2,2,2,3,4,2,2.78,2,2.03,3.84,3
1.2.7.3,3,3.09,7,4.17,4,4,6,4,4,4,7,3.99,4,4,3,4,6,3.72,6,3,7,4,5,4,4,5,5,6,3,5,5,4,7,6
1.2.7.4,2,2,2,2,2,2,2,1,2,1,2,2,2,2,2,2,1.99,2,2,1.88,2,2,1.98,2,1.79,1,1.97,1.99,1,1.94,2,2,2,1.88
1.2.7.5,2,2.42,2,2,2.04,2,2.97,2,2,2,3,3,3,2,2,2,2,2,3,2,3,2,2,2,2,2,2,2,2,2,2,2,2,2
1.3.1.12,4.07,3,4.02,5,5,3,5,4,6,4,4,3,3,5,4,6,4.24,4,4,4,4,3,5,3,4,6,4,3,3,3,4,3,4,3
1.3.1.13,1,1,1,1,1,1,1.98,1,1.76,1.96,1,1,1,1,1,1,1.92,1,1,1,1,1,1,1,1,1,1.97,1,1,1,2,1.79,1,1
1.3.1.14,2,3,3.94,4,3,4,3,3,2.03,3,3,3,3,4,2,3,3,3,3.82,3,3,2,3,3,2,4,3,2,2,2.73,2.26,2,2,2
1.3.1.22,2,2,2,2,2,2,2,2,2,2,2,2,2,2,2,2,2,2,2,2,2,2,2,2,2,2,2,2,2,2,2,2,1.99,2
1.3.1.33,1.9,2,2,2,2,2,2,1,2,2,2,2,2,2,2,2,2,2,2,2,2,1,2,1.97,1,2,1.99,2,1,2,2,2,1,2
1.1.1.219,2,2,2,2,3,2,2,2,2,2,2,2,2,2,3,2,2,2,2,2,2,2,3,2,2,3,2,3,2,2,2,2,2,2
1.3.1.76,2,2,2,2,2,2,2,2,2,2,2,2,2,2,2,2,2,2,2,2,2,2,2,2,2,2,3,2,3,5,2,2,2,2
1.3.1.78,1,1,1,1,1,1,1,1,1,1,1,1,1,1,1,1,1,1,1,1.84,1,1,1.97,1,1,1,1,1,1,1,1,1,1,1
1.1.1.22,6.86,7,8,8,9,8,9,8,7,9,8,7.54,8,8,9,8,8,8.92,8,8,9,9,8,9,9,7,7.73,8,8,9,8,8,9,9
1.3.1.83,2,2,2,2,2,2,2,2,2,2,2,2,2,2,2,2,2,2,2,2,2,2,2,2,2,2,2,2,2,2,2,2,2,2
1.3.1.86,2,2,2,2,2,2,2.35,2,2,2,2,2,2,2,2,2,2,2,2,2,2,2,2,2,2,2,2,2,2,2,2,2,2,2
1.3.1.87,1.7,1,2,2,3,1.86,2,3,2,2,2,2,1.92,1.81,5,2,2,4,2,2,2,2,6,2,2,2,1.65,2,2,3,3,1.99,2,2
1.3.1.9,4,3,3.01,4.34,4,3,4,3,3.05,5.29,3,3,3,4.51,3,4,3,3,3,4,3,5,4,6.13,4,5,6.99,3,7,3,3,6,5,4
1.3.1.98,4.06,6,6,7,7,7,7,7,5,6,6.95,7,7,7,8,6,6,7,7,7,7,6,6,5,6,8,6,5,4,5,6,7,6,6
1.3.3.3,2,2,3,2.1,2,3,3,2,2,2.65,2,2,2,2.5,2,2,2.12,2,3,2,2,4,3,2,2,3,3,3,2,3,2,4,2,2
1.3.3.4,7,7,8,7,8,7,9,8,7,8,7,6,7,8,7,8,9,6,8,7,7,6,6,8,8,6.73,7,9,9,7,7,7,8,8
1.3.3.6,2,2,3,3,3,2,6.93,3,3,3,2.3,2.57,3,3,2,3,5,3,3,2,2.96,2,3,3,3,3.34,3,2.96,3,2,2.44,2,2,2
1.3.5.1,3,7,4,5,6,4,6,4,4,4,5,7,7.01,5,5,5,5,5,5,4,5,4,6.19,4,4,6,5,4,4,5.99,4,4,3,3
1.3.5.2,2.07,4,4,4,4,4,6,3,3,4,3,4,4,4,3,3,5,3,3.01,3,3,3,4.32,3,4,5,3,3,3,3,4,3,3,3
1.3.5.4,2,2,2,2,2,2,2,2,2,3,2,2,2,2,2,2,2,2,2,2,2,2,2,2,2,2,2,2,2,2,2,2,2,2
1.3.5.6,2,2,2,2,2,2,2,2,2,2,2,2,2,2,2,2,2,2,2,2,2,2,2,2,2,2,2,2,2,2,2,2,2,1
1.3.7.11,1,1,1,1,2,1,2,1,1,1,1.97,1,1,1,2,2,1.95,2,1,1,1,1,2,1,1,1,1,1,1,2,1,1,1,1
1.3.7.12,1.7,1.96,1.88,2,1.94,2,1.99,1,1.98,1,2,1,1,2,1,1,1,1.99,2,1.99,2,1.97,2,1,2,2,1.68,1,2,1.75,1,1,1,1
1.3.7.15,2,2,2,2,2,2,2,1,2,2,2,2,2,2,1.98,2,2,2,2,2,2,2,2,2,2,2,2,2,2,2,2,1.97,2,2
1.3.7.2,1,1,1,1,2,1,2,1,1,1,2,1.81,1,1,1.99,1.86,1,1,1,1.88,1,1.74,1.97,1,1,1,1.99,1,1,1.76,1,1,1,1
1.3.7.3,1,1.99,1.8,1.94,1.99,1,2,1,1,1,1,1,1,1,1.99,1,1,1.85,1.93,1,1,1,1.7,1,1,2,1,1,1,1,1,1,1,1
1.3.7.5,2,2,2,2,1.95,1.97,2,1,2,2,2,2,2,2,1.99,2,2,2,2,2,2,2,2,2,2,2,2,2,2,2,2,2,2,2
1.3.7.7,2,2,2,3,3,2,2.07,4,2.37,3,2,2,2,3,4,2,2,4,2,2,2,3,10,3,2,10,5.27,2.16,2,3,2,2.04,2,2
1.3.7.8,2,1,2,2,2,2,2,2,2,2,2,2,1.95,2,1.93,2,2,2,2,2,2,1.98,2,2,2,2,2,2,2,1.98,2,1,2,2
1.3.7.9,2,2,2,2,2,2,2,2,2,2,2,2,2,2,2,2,2,2,2,2,2,2,2,2,2,2,2,2,2,2,2,2,2,2
1.3.8.4,3,4,4.35,5,6,4,8,8,4,5,5,4,4,5,6,3.59,7,9,4,4,6,3,6,5,4,7,6,4,4,6,4,3,4,4
1.3.8.8,1.86,1,1.98,2,1,2,1.93,1,1.77,1,1,1.76,1.86,2,1,2,1,1.9,1.93,1.89,1.98,1.88,1.94,1,1,1,1,2,1,1.68,2,2,1,1
1.3.98.1,2,2,2,2,2,2,2,2,2,2,2,2,2,2,2,2,2,2,2,2,2,1.98,2.98,2,2,2,2,2,1.84,2,2,2,2,2
1.3.98.3,3.07,3,3,4,3,3,6,3,3,4,3,3,4,5,3,3,5,3,4,3,3,3,6,3,3,5,3,3,2,3.98,3,3,3,2.39
1.4.1.1,7.07,5,3,6,3,5,5,6,8,6,6,7,7,6,3,8,5,5,5,7,6.76,7,3.86,8,5,6,5,4,4,3,5,8,7,4
1.1.1.23,5.03,4,5,5,5,4,7.93,4,6,6,4,5,5,5,4,5,5,4.01,5,5,4,5,5,6,3,6,7,5,4,4,4,5,6,4
1.4.1.14,2,2.15,2,3,2,2,4,2,2,2,2,4,2,3,2,2,3,2,3,2,2.72,2,2,2,2,3.91,2,2,2,2,2,2,2,2
1.4.1.16,2,2,2,2.01,2.2,2,3,2,2,2,2,3,2,3,2,2,2,2,2,2,2,2,2.16,2,2,3,2,2,2,2,2,2,2,2
1.4.1.2,4.07,5,5.29,5.64,7,5,8,6,6,6,5,5,5,6,7,6,6,5,6,6,5,6,9,7,6,7,6,7,5,6,6,7,6,6
1.11.2.3,1,1,1.8,1,1,1.81,2,1,1.91,1,1,1,1,1,1,1,1,1.01,1.67,2,1,1,1.95,1,1,1.01,1.62,1.79,1,1,1,1,1,1
1.4.1.21,2,2,2,2,2,2,2.13,2,2,2,2,2,2,2,2,2,2,2,2,2,2,2,2,2,2,3,2,2,2,2,2,2,2,2
1.4.1.24,2,2,2,2,2,2,2,2,2,2,2,2,2,2,2,2,2,2,2,2,2,2,2,2,2,2,2,2,2,2,2,2,2,2
1.4.3.16,3.07,4,5,5,4,4,8,4,4,4,3.56,4,4,5,3,5,8,4,5,4.01,4,4,5,5,4,7,4,4.97,4,4,4,4,4,3
1.4.3.19,2,3,3,4,4,3,4,4,3,5,5,3,3.75,3,3,3,3,4,3,3,5,3,3,3,3,4,5,4,5,6,3,3,3,4
1.4.3.21,2,2,2,2,2,2,2,2,2,2,2,2,2,2,2,2.19,2,2,2,2,2,2,2,2,2,2,2,2,2,2,2,2,2,2
1.4.3.5,3,4,6,7,6,5,6,5,4,5,5,5,5.92,7,7,4.01,5,5,5,5,6,6,5,4.95,6,6,5.05,7,4,4,5.4,6,6,6
1.4.4.2,7,6,8,6.63,6,6,6,6,8,6,5,6,7,6.98,5,8,5,6,7,6,6,6,5,8,5,7,7,6,6,6.2,5,6,6,5
1.4.9.1,2,2,4,2,2,4,3,2,2,3,2,2,2,2,2,2,2.02,2,4,3,2,2,2,2,2,2.01,2,2,2,2,2.85,2,2,2
1.5.1.2,6,7,7,7,7,9,7,7,7.62,6,8,8,8,7,6,7,6,6.81,6,7,9,6,5,7,7,7,6,6,6,6,7,7,6,5
1.5.1.20,4,5,4.99,6,5,4,4,6,4,6,5,5,5,6,5,4,4,5,4,5,6,7,5,6,5,6,6,5,6,8,5,6.98,7,6
1.5.1.3,2,3,3,3,4,2.06,3,3,3,3.88,8,3,3,3,3,5,3,3,3,3,6,2,4,3,3,4,3,3,2,2,3,2,2,2
1.5.1.36,2,2,2,2,2,2,2,2,2,2,2,2,2,2,2,2,2,2,2,2,2,1.98,2,2,1.97,2,2,2,2,2,2,2,2,1.98
1.5.1.38,3,4.66,6.36,4,6,6,5.01,3,4,4,5,4,4,4,5,3,4,3,4,3.61,5,4,3,5,4,3,3,5,3,4,3,5,5,4
1.5.1.42,2,2,2,2,2,2,2,1,2,2,4,2,2,2,2,2,2,2,2,2,3,1.92,2,2,1.96,2,2,2,2,2,2,2,2,2
1.5.1.7,4,4,4,5,4.07,6,3,6,5,4,4,5,6,4,5,4,2,4,3,4,3,4,3,5,2,3.99,3,2,3,2.25,3,3,3,2
1.5.3.1,10,10,10,10,10,10,10,10,10,10,10,10,10,10,10,10,10,10,10,10,10,10,10,10,10,10,10,10,10,10,10,10,10,10
1.5.5.2,4.02,6,6,5,4,5,4,4,5,4,4,5,6,5,3,4,3,4,5,3,4,4,4,4,4,4,5,5,5,5,4.85,4.99,3,4
1.5.98.1,1,1,1.78,1.93,2,1.83,2,1,1,1,1,1,1,1.83,2,1,2,1.52,1,1.89,1.77,1,2,1,1,1,1.62,1,1,2,1,1.86,1,1
1.5.98.2,1,1,1,1,2.66,1,2,1,2,1,1,1.99,1,2,2,1,2,1,1.87,1.98,1,1,2,1,1.94,1,1,1,1.81,2,1,1,1,1
1.5.99.12,2,2,2,2,2,2,2,2,2,2,2,2,2,2,2,2,2,2,2,2,2,3,5,3,3,3,2,3,2,3,3,2,2,2
1.5.99.15,1,1,1,1,1,1,1,1,1,1,1,1,1,1,2,1,1,1.54,1,1,1,1,2,1.76,1,2,1,1,1,1.62,1,1,1,1
1.6.1.1,2,2,2,2,2,2,2,2,2,2,2,2,2,2,2,2,2,2,2,2,2,2,2,2,2,2,2,2,1.99,2,2,2,2,2
1.6.1.2,3,3,4,7,8,4.9,4.01,5,3,7,6,4,4,7,8,4,4,5,5,8,7,3,6,3,4,6,4,6,3.04,4,4,3,4,4
1.6.5.11,3.07,2,2,2,3,2,2,2,2,2,2,2,2,3,4,2,2,2,2,2,2,2,5,3,2,3,2,2,2,3,2,2,2,2
1.6.5.2,2,2,2,2,2,2,3,2,2,2,2,2,2,2,2,2,2,2,2,2,2,2,2.99,2,2,3,2,2,2,2,2,2,2,2
1.6.5.3,3.38,2,2,3,3,3,2,2.27,4,2,2,2.47,3,3,4,4,2,2,3,2,2,2,3,2,2,2,2,3,2,2,2,2,2.46,3
1.7.1.13,2,2,3,2.08,2,2,3,3,2.06,3,3,2.99,2,3,2,2,3,2.03,3,2,3,3,3,2,3,3,3,3,2,3,3,3,2.08,3
1.10.9.1,1.63,2,1.99,2,2,2,2,2,2,2,2,2,2,2,2,1.99,2,2,2,1,2,1.72,2,1.99,1.99,2,1.89,2,1,2,1.98,1.98,2,2
1.1.1.25,4.07,5,3,5,4.91,4,7,5,5,7,4,6,6,6,5,5,7,5,4,6,4,6,5,7,4,6,6.93,4.86,5,5,4,6,9,6
1.7.1.7,2,3.67,2,3,4,4,3,3,2,3,3.52,4,4,3,4,2,3,2,5,4,4,3,5,2,3.02,3,3,3,2,4,3,3,4,4
1.7.2.1,2,2,2,2,2,2,2,2,2,2,2,2,2,2,2,2,2,2,2,2,2,2,2,2,2,2,2,2,2,2,2,2,2,2
1.7.2.2,2,2,2,2,2,2,3,2,2,2,2,2,2,2,2,2.4,2,2,2,2,2,2,2,2,2,2,2,2,2,2,2,2,2,2
1.7.2.4,2,2,2,2,2,2,2,2,2,2,2,2,2,2,2,2,2,2,2,2,2,2,2,2,2,2,2,2,2,2,2,2,2,2
1.7.2.6,1.66,1.98,2,2,2,2,2,1,2,2,2,2,2,2,2,2,2,2,2,2,2,1,2,1.86,2,2,2,2,1.95,1.98,2,2,2,2
1.7.3.3,2,3,2,2,2.04,2,2,2,2,2,2,3,3,2,2,2,2.19,2,2,2,2,2,3,2,2,2,2,2,2,2,2,2,2,2
1.7.99.1,3,3,3,3,3,3,5.76,3,3,3,4,3,3,3,3,3.1,5,3,3,3,3,3,4,3,4,5,3,5,3,4,3,3,2.01,3
1.8.1.2,5.07,5,5,6,6.29,6.33,7,6,6,6,6,5.91,6,6,6,6,6,6,6,5,5,7,6,6,6,7,7,7,5,7,5,6,6,5
1.8.1.4,3,6,7,4.82,8,9,5,9,7,6,6,4,4,5,4,4.57,4,9,4,4,4,4,5,6,5,6,4,5,6,5,5,6,4,4
1.8.1.7,2.02,4,3,3,6,3.27,5,2.64,3,3,4,3,3,3.55,6,3,4,3,4,3,5,3,3,4,3,4,3,3,3,4,3,3,4,4
1.8.1.9,6,6.78,5,7,8,6,9,5,7,6,6,6,7,8,8,6,8.01,5,6,6,6,5,7,7,6,7,7,6,6,6.04,6.33,7,5,5
1.8.2.3,2,1,2,2,2,2,2,2,2,2,2,2,2,2,2,2,2,2,2,2,2,2,2,2,2,2,2,2,2,2,2,2,1.97,2
1.8.4.8,2,2,3,3,2.6,2.52,4,2,2,2.99,3,3,3,3,2,3,3.02,2.04,3,2,3,2.85,3,2.01,3,4,3,3,2,2,3,2,2.09,2
1.8.5.2,2,2,2,2,2,2,2,2,2,2,2,2,2,2,2,2,2,3,2,2,2,2,2,2,2,2,2,2,2,2,2,2,2,2
1.8.7.1,1,1,1,1,1,1,1.87,1,1,1,1,1.74,1.73,1,1,1.83,1,1,1,1,1.8,1,1.72,1,1.83,1,1,2,1,1,1.96,1,2,2
1.8.98.1,1,1.96,1,1.9,2,1,2,1,1,1,1,1,1,1.98,2,1,2,1,1,1,1,1,2,1,1.95,1,1.47,1,1.96,2,1,1,1,1
1.8.99.2,2,2,2,3,2,2,2,2,2,2,2.03,2,2,3,2,2,2,2,2,2,2.23,2,2,2,2,2,2.85,3,2,2,2,2,2,2
1.8.99.5,2,1.93,1.98,2,2,2,2,1,2,2,2,2,1.96,2,2,2,2,2,2,2,2,1,1.95,1.97,2,2,2,2,1,1.68,2,1.84,2,2
1.9.3.1,9,10,10,10,10,10,10,9.9,10,10,10,10,10,10,10,10,10,9,10,10,10,10,10,10,10,10,10,10,10,10,10,10,10,10
1.9.6.1,2,2,2,2,3,2,3,2,2,2,2,2,2,2.99,2,3,2.04,2,3,3,2,2.65,3,2,2,3,2,2,2,3,2,2,2.99,2
1.1.1.261,3.07,4,4.97,4,6,3.3,5,3,4,4,4,4,5,5,6,4,4,3,4,4,5,4,4,5,4,5,4,5,4,5,4,4,4,3.66
2.10.1.1,4,4,4,7,7,5,7,5,6,8,5,4.54,5,6.97,6,5,5,5,5,6,5.99,6,7,7,5,7,7,5,4,6,5,5,5,4
1.1.1.262,6,7,4.99,5,5,5,7,7,7,6,5,7,7,5,5,6,6,6,4,5,5.83,5,6,5.36,6.65,6,6,5,5,5,6,5,7,6
2.1.1.100,1.96,2,1.98,2,1,2,2,1,1.94,1,2,2,2,2,1,2,1,1.99,1.98,2,1.89,2,2,1,2,2,1.91,1,1,1.99,1,2,1,1.99
2.1.1.107,1.72,2,2,2,2,2,2,1,2,1,2,2,2,2,2,2,2,2,2,1,2,2,2,1,2,2,2,2,1,2,2,2,1,2
2.1.1.11,2,2,2,2,2,2,2,2,2,2,2,2,2,2,2,2,2,2,2,2,2,2,2,2,2,2,2,2,2,2,2,2,2,2
2.1.1.13,5,7,7,8,7,6,7,7,8,7,6,6,6,8,6,6,5,6,6,7,5,6,7.78,5,6,8,6,5,6,8,7,6,6,5
2.1.1.132,2.04,3,3,4,7,3,5,3,3,3,3,3,3,4,7,3,5,3,3,4,3,3,4.99,4,8,5,6.45,4,3,7,6,3,3,3
2.1.1.14,6.07,8.01,9,8,8,8,7,7,7,8,8,8,7.1,8,7,8,6,6,8,7,8,9,7,8,8,8,9,9,9,8,8,8.98,8,8
1.1.1.267,4.02,5,7,5,9,8,10,5,8,7,5,4.54,5,5,5,5,6,5,5,5,5,5,5,6,5,6,5,7,7,5,4.07,5,6,6
2.1.1.148,2,2,2,3,2.96,2,6,2,2,2,3,2,2,3,2,2.05,5,2.98,3,2,2,2,3,2,4,4,2,2,2,2,4,2,3,2
2.1.1.152,5.02,4,5,4,4,4.01,3,4,6,3.81,4,3.7,4,4,3,6,3,4,6,3,4,4,3,5,3.53,3,3,5,3.67,4,3.01,4,3.9,4
2.1.1.163,6,7,5,7,8,5,9,7,5.76,7,7,7,7,8,9,6,8,7,6,6,7.04,7,6,8,8,5,7,7,6.91,8,7,8,7,6
2.1.1.17,2.06,3,3,3,5,3,4,5,3,3,4,3,3,3,5,3,3,6,3,3,3,3.93,4,3,3,4,3,3,2,3,3,3,2.99,2.6
1.1.1.27,2,2.15,3,3,4,2.94,4,3,2.83,3,3.27,3,2.35,3,3,3,4,4,3,3,5,2,3.93,3,3,4.49,3,4.23,2,2.99,3,2.48,3.01,3
1.1.1.271,2.01,2.36,2,3,2,2,6,2,3,3,4,3,3,3,2,3,4,3,3,2,5,2,3,3,4,4,2.74,3,2,2,3,2,7,3
2.1.1.195,2,2.06,3,3,3,3,3,3,3,3,4,3,3,3.39,3,3,3,3,3,3,3,3,4,3,6,4,5,4,2.01,3.64,4.99,2.99,4,5
2.1.1.196,2,2,2,2,2,2,2,2,2,3,3,2,2,2,2,2,2,2,2,2,3,2,2,2,2,2,2,2,2,2,2,2,2,2
2.1.1.197,6,5,7,5,7,6,5,4,6,5,4.03,4.54,5,6,4,6.38,4,4,7,5,5,5,5,5,4.11,4,4,5,3,5,4,5,4,4
2.1.1.22,1,2,2,2,2,1.99,2,1,2,2,1.95,2,2,2,1.99,2,2,2,2,1.96,2,1.98,2,2,2,2,1.64,2,1,1,1.98,1,1,1
2.1.1.248,2,2,2,2,2,2,2,2,2,2,2,2,2,2,1.94,2,2,2,2,2,2,1,2,1.98,1.88,2,1.89,1.9,1.9,2,2,1.99,2,1
2.1.1.250,7,6,3,5,5,5,5,5,8,5,4,6,6,6,6,7.98,5,4,5,6,4,5,6,7,3,5,4,4,8,6,3,5,8,7
1.1.1.282,1,1,1,1.91,1.9,1,1,1,1,1,1,1.79,1,1,1,1,1,1,1.72,1,1,1,1.99,1,1,1,1,1,1,1,1,1,1,1
2.1.1.308,1,1,1.91,1,1.96,1,1.99,1,1,1,1,1,1,1,1,1,2,1,1.99,1,1,1,1,1,1,2,1,1,1,1,1.83,1,1,1
1.1.1.1,3,5,4,6,6,3,6,5,3.24,4,4,5.88,6,7,5,4,5,5.12,5,4,5,3,5,4,7,6,5,4,3,4,5,4,4.1,3
2.1.1.37,8.07,10,10,10,10,9,10,10,9,10,9,10,10,10,10,10,10,9,9,10,9,9,10,9,9,9,10,9,10,9,8.2,9,8,8
2.1.1.43,2,2,2,2,2,2,4,2,2,2,2,2,2,2,2,2,4,2,2,2,2,2,2,2,4,2,2,2,2,2,4.1,2,2,2
2.1.1.44,2,3,4,4.91,5,3,3,6,3,4,3,3,3,4,6,4,3.38,5,4,4.02,3,3,5.01,3,2,4,2,3,3,3.13,2.99,3,2.23,2
2.1.1.45,2.3,4.67,3,3,3,3,6,3,3,4,3,5.61,6,4,3,3,5,3,5,4,3,4,5,4,5,5,4,3,5,3,5,4,3,3.76
2.1.1.59,1.77,1,1,1.94,1,1,2,1,2,1,1.94,1,1.99,2,1.91,1,1.91,1.66,1.81,2,1.85,1,2,1,1.88,1,1,1.9,1.91,1,1,1,1,1
1.1.1.290,2.92,2,4,4,3,3,4,3,4,3,2.47,3,3,4,3,3,4,3,3,3,3,3,4,2,5,3.31,3,3,2,4,5,3,3,3
2.1.1.67,2,2,2.59,3,3.48,2.55,3,3,3,3,2.76,2.43,2.42,3.47,3,3,2,2,3,2.54,3,2,4,2,2,3,2,3,2,3,2,2,2,2
2.1.1.71,1,1,1,1,1,1,1,1,1,1,1,1,1,1,1,1,1.98,1.93,1,1,1,1,1,1,1,1,1,1,1,1,1,1,1.97,1
2.1.1.86,2,2,2,2,2,2,2,1,2,2,2,2,2,2,2.01,2,2,2,2,2,2,2,2,2,2,2,2,2,2,2,2,2,1,1
2.1.1.90,1.98,2,2,2,2,2,2,1,1,2,2,2,2,2,2,2,2,2,2,1.99,2,1,2,2,2,2,1.99,2,2,2,2,1,2,2
2.1.2.1,2.99,3,4,5,4,3,5,4,3,4,3,4,4,5,3,4.01,4,4.8,4.04,3.09,4,3,5,4,3,6,4,4,4,3.26,4,3,3,3
2.1.2.10,4,5.29,6,6,7,7,7,5,6,8,6,5.54,6,6,6.53,6,5,5,6.23,6,6,5,6,5,9,7,8,6,4,7,6,5,5,5
2.1.2.11,3,3,4,5,5,3,4,4,4,5,3,3.91,4,5,5,5,3,4,3,4,3,3,4,4,3,5,3,4,3,5,3.97,3,3,3
2.1.2.2,1.99,2,2,2,2,2,2,2,2,2,2,2,2,2,2,2,2,2,2,2,2,1.99,2,1.86,2,2,2,2,1.98,2,2,1.89,2,2
2.1.2.5,2,3,2,4,2,2,3,2,3,3,3,3,3,3,3,3,3,2,2,3,2.02,2,3,2,3,3.01,2,3,2,2,2,2,2,2
2.1.2.9,7,7,6,8,6,7,7,5,8,8,7,7,7,8,6,8,5,5,6,8,7,6,6,9,6,7,6,6,8,6,6,5,7,6
2.1.3.2,5.24,5.38,9,8,7,7,6,6,8,8,6,5.2,6,8,5.97,7,6,5.99,9,8,5,6,5,6,6,6.03,8,9,8,8,5,6,7,7
2.1.3.3,5.06,5,5,6,5,5,5,4,5.22,7,4.84,5.28,6,6,4,6,4.63,5,6,6,6,7,5,8,7,7,6,8,6,8,6,7,6,6
2.2.1.1,3.07,6,7,4,8,4,5,6,5,6,4,6,6,5,7,5,4,6,4,5.08,4,4,6,4,3,5,4,3.12,5,6,4,4,4,3.85
2.2.1.10,2,1,2,2,2,2,2,2,2,2,2,2,2,2,2,2,2,2,2,2,2,1.96,2,2,2,2,2,2,2,2,2,1.96,1,2
2.2.1.2,3,4,6,5,5,4,6,4,4,4.28,5,5,4.9,5.75,4,4.68,5,4,7,4.88,4,4,5,4,4,5,4,4,3,5,4,5,4,4
2.2.1.6,6,5,7,7,6,6,6,5,7,6,5,5.54,5,7.42,5,7,5,5.37,8,6,6,5,6,6,6,8,5,5,4,5,6,5,6,5
2.2.1.7,6,8,8,7,9,5,8,7,6,6,5,7,7,7,7,7,7,6,6,7,5,6,7,7.97,7,9,7,7,8,8,7,7,6,6
2.2.1.9,3,7,5,8,9,5,9,5,4,8.98,6,7.54,8,8,7,4,8,5,6,7,6,5,4,4,6,7,9.92,5,4,4,6,4.96,3,3.79
2.3.1.1,2.07,3,3,3,3,3,3,4,3,4,3,3,3,3,3,3,3,3,3,3,3,3,3,3.62,4,3.99,4,3.26,4,3,3,3,4,4
2.3.1.109,5.07,6,7,5.78,7,6,3,6,7,5,5,6.54,7,5,7,8,3,6,5,5,6,6,4,7,4,4,3,4,7,4,4,5,6,4
1.1.1.3,3.07,4,4,5,6,6.03,6,5,8,8,4,4,4,5,5,4,4,4,6,4,4,3,5,4,3,6,4,4,3,4,4,4,5,4
2.3.1.117,3.07,2.7,3.95,4,3.61,3,3,3,5,4,4,3,3,4,4,5,3,3,5,5,4,2,3,3,3,4,4,3,3,2.05,3,2,2,2
2.3.1.12,5.07,7,6,6,6,6,8,5,6,5,6,6,7,6,5,6,6,6,6.13,6,5.03,5,5.36,6,7,8,5,8,8,5,6,5,7,6
2.3.1.129,4.07,4,7,5,6,4.04,6.63,4,5.31,5,6,4,4,5,4,5,5,4.44,5,4,7,5,4,7,6,5,5,6,5,7,5,5.02,6,6
2.3.1.15,4,4,7,4.76,6.17,6,7,5,5,6,4,4.54,5,5,5,4,6,5,5,5,4,6,7,6,8,5,6,4,4,6,8,6,4.82,4
1.1.1.100,3.03,4,4,6,4.02,4,5,4,4,5.91,4,5,4,5.13,3,6,4,4,4.03,6,4,3,4,3,4,5,4,3,3,5,5,3,3,3
1.1.1.302,1,1,1,1.84,1,1,2,1,1,1,1.98,1,1.72,1.85,1.98,1,2,2,1.73,1,2,1,2,1,1,2,1.67,1,1,1.62,1,1,1,1
2.3.1.16,2,2,2,3,2,2,3,2,2,2,2,2,2,3,2,3,2,2,3,2,2,2,2,3,2,3,2.02,2,2,2,2,2,2,2
2.3.1.168,2,2,2,2,2,2,3,2,2,2,2,2,2,2,2,2,3,2,2,2,2,2,2,2,2,2,2,2,2,2,2,2,1,2
1.1.1.304,2,2,2,2,2,2,2,2,2,2,2,2,2,2,2,2,2,2,3,2,2,2,2,2,2,2,2,2,2,2,2,2,2,2
2.3.1.169,2,3,3,4,3,3,3,3,3,2,4,2.33,3,4,2,4,2,4,5,2,4,3,2,2,2,2,2,2,2,2,4,2.2,2,2
2.3.1.174,2.13,3,3,4,3,3,4,3,3,3,3,3,3,4,2.22,4,3,3,4,3,3,2,3,3,3,3,3,3,2,2,4,2,3,3
2.3.1.178,2,2,2,2,2,2,2,2,2,2,2,2,2,2,2,2,2,2,2,2,2,3,2,2,3,2,2.01,2,2,2,2,2,2,2
2.3.1.180,4,4,5,6,5,4.23,7,6,4,6,4,5,5,7,5,5,5,6,5,6,5,5,8,5,5,8,5,6,4,6,5,5,5.99,5
2.3.1.181,2,3,3,4,5,3,3.51,3,4,4,3,3,3,4,3.98,4,3,3,3,3.97,3,2,5,3,3,4,3,4,3.3,4,3,2.35,4,3
2.3.1.182,3,2,2.71,3,3,3,4,3,3,3.65,2.67,2,2,3,3,3,4,3,3,3.91,2.01,4,4,3,3,4,4,4,4,5,3,4,2.96,2.05
2.3.1.184,6,6,4,6,6,5.49,4,8,8,5,4,5,6,5,4,8,3,10,4,4.04,4.02,4,4,6,6.81,5,5,3,5,3,5,5,8,7
2.3.1.199,2,2,2,2,2,2,2,1,2,2,2,2,2,2,2,2,2,2,2,2,2,2,2,2,2,2,2,2,2,2,2,2,2,2
2.3.1.20,4.07,5.75,5,6,6,6,6,6,6,9,4.01,5,5,6,5,4,5,5,5,5,4.01,5,5,6,5,7,6,5,4,6,5,5,5,6
1.1.1.309,2,2,2,2,2,2,2,2,2,2,2,2,2,2,2,2,2,2,2,2,2,2,2,2.53,2,2,2,2,2,2,2,2,2,2
1.1.1.31,2,3,2,4,4,2,3.03,3,2,2,3,3,3,4,4,2.96,3,3,3,2,3,2,3,2,2,3,2,3,2,4,2,2,2,2
2.3.1.222,2.04,3,3,3,3,3,3,4,2.99,3,2.02,3,3,3,3,3,3,3,3,2.68,3,2,3,2,2,3,2.99,2,2,2,3,2,2,2
2.3.1.243,2.99,3.15,3,3,3,3,4,2,3,3,2.42,3,3,3,3,2,3,2,3,3,3,2,3,3,3,3,3,2,2,3,3,2,3,2
2.3.1.247,2.07,4,5,4,4,4,5,4,3,4,4,3.54,4,5,3,4,4,3,5,4,4,3,4,3,3,5,3.95,4,4,3,3,3,3,3
2.3.1.29,3,3,3.39,4,4,3,3.23,3,3,3.63,3,3,3,4,4,4,3,4,3,3.46,3,3,4,4,4.16,4,3.15,3,3,5,4,3,4,3
2.3.1.30,3,3,3,4,4,3,5,4,3,4,3.02,4,3,4,3,3.99,5,5,4,3,3,3,4,3,3,5,4,3,3,3,3,3,3,3
2.3.1.31,2,2,2,2,2,2,3,2,2,2,2,2,2.03,2,2,2,2,2,2,2,2,2,2,2,2,3,2,2,2,2,2,2,2,2
2.3.1.37,3.87,3,3,2.02,3,2,3,2,2.7,4,2,3,3,2,2,3,2,2,2,3,2,2,3,3,3.23,3,3,2,2,4,3.1,2,2,2
2.3.1.39,3,5,3.22,6,7,3,7,5,3.11,5,5,5,5,6,7,4,7,4,4,4.85,5,4,5,4,7,6,4,8,4,6,6,4,6,6
2.3.1.47,2,3,3.11,4,3,3,4,4,3,3,3,3,3,4.98,3,3,3,3,5,3,3,2,4,3,3,4.59,3,3,3,3,3.99,2,3,3
2.3.1.5,2,3,4,5.06,7,5,4,8.86,3,5,4,3,3,5.07,6,3,3,7,7,4,5,5,5,3,3,4,4,6,5,7,3.92,5,5,4
2.3.1.51,3,9,6,3.97,8,7,7,6,4.27,6,4,8,8,3.12,6,6,7,6,5,6,4,2,4,2,3,3,3,3,2,2,3,2,3.11,4
2.3.1.54,3,4,4,6,7,4,8,5,4,6,7,5,4.99,6.89,7,5,6,6,6,5,8,3,8,4,4,7,5,3.96,2.97,3,5,3,3,3
2.3.1.57,2,2,2,2,2,2,2,2,2,2,5,2,2,2,2,2,2,2,2,2,5,2,2,2,2,2,2,2,2,2,2,2,2,2
2.3.1.61,2.45,3,3,3.99,3,4,4,3,3,3.93,5,3,3,4,3,3.2,3,4,4,3,4,3,4,3,3.55,5,5,3,3,3,3.25,3,3,2
2.3.1.74,1,1,1,1,1.91,1.88,1,1,1,1,1,1,1,1,1,1,1,1,1,1,1,1,2,1,1,2,1,1,1,1,1,1,1,1
2.3.1.8,10,10,10,10,10,10,10,9,10,10,10,10,10,10,10,10,10,9,10,10,10,10,10,10,10,10,10,10,10,10,10,10,10,10
2.3.1.89,2,2,2,2,2,2,2,2,2,2,2,2,2,2,2,2,2,2,2,2,2,2,2,2,2,2.98,2,2.05,2.02,2.44,2,2,2,2
2.3.1.94,1.68,1,1,1,2,1,1,1,1,1.97,1,1.78,1,1.86,1,1,1,2,1.76,1,1,1,1.92,1,1,1,1.98,1,1,1,1,1,1,1
2.3.2.19,2,2,2,2,3,2,2,2.92,2,2,2,2,2,2,3,2,2,2,2,2,2,2,2.95,3,2,2,2,2,2,2,2,2,2,2
2.3.3.10,2,2,2.48,3,3,4,2.13,3,4,4,3,3,3,3,2,3,3,3,4,2.99,3,2,2.24,2,2,3,2,2,3,2.67,2,2,3,2
2.3.3.13,6.07,5,7,5,5,5.79,5,5,6,5,6,5,5,6,4,6.96,4.01,5,7.01,4,7,7,5,6.99,5,7,4,7,6,6,5,6,6,5
2.3.3.14,2,2,2,2,2,2,2,2,2,2,2,2,2,2,2,2,2,2,2,2,2,2,2,2,2,2,2,2,2,2,2,2,2,2
2.3.3.15,2.07,2,2,3,2,3.01,2,2,5,3,2,2,2,2,2,4,2,2,2,2.98,2,5,2,5,3,3,2.73,2,2,2,2,5,2,2
2.3.3.9,6,5,5,7,3,5,6,3.99,5.17,4.02,5,6.23,7,8,3,6,6,4,5,5,6,6,5,5,6,10,4.29,5,7,4,6,6,5,5
2.4.1.1,5.07,6,8,7,8,6,9,7,7,7,6,6,6,7,6,6,7,6,7,5.99,6,6,7,6,6.02,8,8,8,6,7,7,6,7,7
2.4.1.109,2,2,2,2,6,2,3,2,3,3,2.03,2,2,2,4,2.91,2,2,3,2,3,2,3,2,3,3,3,5,3,3,2.12,2,4,3
2.4.1.11,2,2,2,3,2,2,2,2,2,2,2,2.01,2,3,2,3,2,3,2,2,2,2,3,2,2,3,2,2,2,2,2,2,2,2
2.4.1.117,2,2,2,2,2,2,2,2,2,2,2,2,2,2,2,2,2,2,2,2,2,2,2,2,2,2.5,2,2,2,2,2,2,2,2
2.4.1.12,5,4,5,6,5,6,5,3,6,4,4,3.55,3.02,6,4,7.97,4,3.08,6,4.65,4,3,4,4.96,3,4,3,3,2,3,4,3,3,3
1.1.1.103,2,2,2,2,2,2,3,2,2,2,2,2,2,2,2,2,2,2,2,2,2,2,3,3,2,3,2,2,2,2,2,2,2,2
2.4.1.129,8,9,9,9,10,9,10,8,8,9,8,9,10,10,10,9,10,8,9,9,9,9,10,9,10,10,10,10,8,10,9,9,10,9
2.4.1.13,2,2,2,2,3,2,2,2,2,2.01,2,2,2,2,4,2,2,2,2,2,2.92,2,2.85,2,2,2,2,2,2,2.05,2,2,2,2
1.1.1.330,1,1.93,1.83,2,1.95,1,2,1,1.79,2,1,2,2,2,2,1.99,2,2,2,1.9,1.98,1.69,2,1,1.98,2,1.62,1.85,1,1,1,1,1.99,1
2.4.1.131,1,1,1,1,1.97,1,1.92,1,1,1,2,2,2,1.78,1,2,1.95,1.6,1,1,1.99,1,1.92,1,1,1,1.97,1,1,1.73,1,1.99,1,1.88
2.4.1.142,2,2,2,2,2,2,2,1,1.99,2,1,2,2,2,2,2,2,2,2,2,2,2,2,2,2,2,2,2,2,2,2,2,2,2
2.4.1.144,3.07,8,5,7,5.59,3,3.29,3.88,3,8,6.07,7.23,8,6,6,3,3,3,3,6.84,5.05,4,3,4,5,2.99,7,5,2,7,5,6,3,3
2.4.1.145,1,1,1,1,1,1,1,1,1,1,1,1,1,1,1,1,1,1,1.82,1,1,1,2,1.88,1,1,1,1,1,1,1,1,1,1
2.4.1.15,5,4,5,5,4,4,6,4,5,6,4,4,4,4,4.07,5,3,4,4,4,3,4,7,5,4,5,4,4,4,6,5,4,6,6
2.4.1.152,2,2,2,2,2,2,2,2,2,2,2,2,2,2,2,2,2,2,2,1.87,2,1.69,2,2,2,2,2,1.97,2,1.99,2,1,1,1.89
2.4.1.16,2,2,2,2,2,2,2,2,2,2,2,2,2,2,2,2,2,2,2,2,2,2,2,2,2,2,2,2,2,2,2,2,2,2
2.4.1.18,3,6,6,7,9,9,9,5,5,6,6,6,5,8,8,6,7,6,6,5.3,5,4,6,5,7,7,4,5,5.97,7,7,5,4.94,4.98
2.4.1.182,5.07,6,5,6,6.07,4.98,6,5,7,6.99,6,5.54,6,7,7,5,5,4,5,6,6.36,8,7,6,6,6,7,5,7,9,6,8,8,6
1.1.1.336,2,2,2,2,2,2,2,2,2,2,2,2,2,2,2,2,2,2,2,2,2,2,2,2,2,2,2,2,2,2,2,2,2,2
2.4.1.198,1.75,2,2,2,2,2,2,1,1,2,2,2,2,2,2,2,2,2,2,2,2,2,2,2,4,2,2.99,2,2,3,2,2,1,2
2.4.1.20,2,2,2,3,2.83,2,3.01,2,2,2,2,3,2,3,2,2,3,3,3,2,2,1.91,2,2,2,2,2,2,2,2,2,2,2,2
2.4.1.21,3,4,4,6,5,4,6,4,4,5,4,5,5,6,3,5,6,5,5,5,4.14,3,5,4,3,6,4,3,3,3,4,3,3,3
2.4.1.217,1,1,1.88,2,1.94,1,2,1,1,1,1,1,1,2,1.91,1,2,1.91,1.8,1,1,1,2,1,1,1,1.86,1,1,1,2,1,1,1
1.1.1.34,7.07,3,3,7,3.08,5,6,8,7,8,3,3,3,7,3,7,5,7,4,7.61,3,8,4,9,7,6.14,8,5,3,4,6,8,5,5
2.4.1.227,4,6,7,6,6,7,7,4.99,5,7,6,6.54,7,6,6,5.93,6,5,6.89,6,6,6,6,5,6,7.01,5,5,5,5,6.06,6,5,5
2.4.1.25,5.07,5,6,8,6,5,8,8,6,7,6,5.98,5.04,8,5,7,6,9,7,6,6,5,6,5,6,8,6,6,4,6,6,6,7,7
2.4.1.255,9,8,9,10,10,10,10,9,10,10,10,9,9,9,10,9,9,9,10,10,9,8,10,9,8,9,9,9,8,8,9,9,8,9
2.4.1.256,1.68,2,2,2,2,2,2,2,2,2,2,2,2,2,1.99,2,1.98,2,2,2,2,1.9,2,2,2,2,2,2,1.95,1.97,2,2,1,1.89
2.4.1.258,2,2,2,2,2,2,2,2,2,2,2,2,2,2,2,2,2,2,2,2,2,2,2,2,2,2,2,2,2,2,2,2,2,2
2.4.1.280,2,2,2,2,2,2,2,2,2,2,2,2,2,2,2,2,2,2,2,2,2,2,2,2,2,2,1.99,2,2,1.99,2,2,2,2
2.4.1.315,2,2,2,2,2,2,2,2,1.88,2,2,2,2,2,2,2,2,2,2,2,2,1,2,2,2,2,2,1.88,2,1,2,1,1.98,2
1.1.1.350,2,2,2,2,2,2,2,2,2,2,2.9,2,2,2,2,2,2,2,2,2,2,3,2,2,3,2,3,3,2.91,4,3,3,3,3
2.4.1.34,2,2,2,2,2,2,2,2,2,2,3,2,2,2,2,2,2,2,2,2,3,1,2,2,2,2,2,2,2,2,2,2,1,1.94
2.4.1.342,2,2.02,2,3,2.99,2,3,2.43,2.88,3,2,2,2,3,2,3,2,2,3,2,2,3,3,3,2,3,3,3,2.01,3,2,3,2,2
2.4.1.5,4,3,3,4,3,4,4,5,4,5,3,4,4,4,5.26,4,3,4,4,4,3.02,3,6,3.03,3,3.02,3,4,4,2.72,3,3,4,3
2.4.1.7,2.87,3,2,3.04,2,2,3,4,3,2,3,3,3,3.42,2,3,3,4,3,2.8,4,2,2,2.01,2,3,2,4,2,2,2,2,3,2.27
2.4.1.80,2,2,2,2,2,2,7,2,2,2,2,2,2,2,2,2,7,2,2,2,2,2,2,2,4,2,2,2,2,2,7,2,2,2
1.1.1.36,2,2,2,2.99,2.64,2,3,2,2,2.92,2,2,2,2.7,2,2,2.7,2,2.15,2,2,2,2,2,2,3,2,2,2,2,2,2,2,2
2.4.2.1,3,3.08,3.98,4,6,3,4.42,5,3,3,3,3.99,3.98,4,7,4,4,7,4,3,3,3,4,3,3,5,3,3,4,6,3,3,3,2.67
2.4.2.10,3.07,3,5,4,4,5,4,4,4,4,4,4,3,4,3,4,4,6,6,3,4,4,4,6,3,5,6,4.46,3,3,3,3,3,3
2.4.2.14,4,4,5,5,4.02,4.94,5,4,4,5,4,4.77,5,6.02,4,4.99,4,4,6,5,4,5,7,5,6,6,5,8,5,8,5,5,4.31,5
2.4.2.17,3,3,3.52,4,3,4,5,4,4,4,3,4,4,4.7,3,4,3,4,4,3,3,3,4,3.85,3.18,5,3,4,3,3,3,3,3,3
2.4.2.18,2.07,3,3,4,4,3.04,5,3,3.26,4,4,4,3,4,3,4,3.25,4,4,3,3.94,3,4,3,3,5,3,3,3,3,3.83,3,3.99,3
2.4.2.19,3,3,2.67,3,3,2.76,3,3,3,3,3,3,3,3,2,3,3,3,3,2.94,3.95,2.93,3,5,2.03,4,3,3,3,3,3,2.16,4,2
2.4.2.21,3,4.51,4.8,4,4.03,4,6,4,4,4,4,4,5,4,3,4,5,4,4,3.99,4,4,4,4,8,6,7,5,4,5,4,4,5,3
2.4.2.22,5.07,8,5,7,8,7,5,5.8,8,8,8,7.54,7,8,7,8,6,4,7,8,5,5,5,4,6,5,5,5,4,6,5,6,4,6
2.4.2.3,3,2,3,3,3,3,3,3.03,3,3,3,2,2,3,2,3,3,3,3,2.33,4,2,2,3,3,3,3,4,2,2,3,2,3,3
2.4.2.4,4,5,5,5,5,7,5,4,5,6,4,5,5,5,4,5,4,4,6,6,4,6,7,5,4.25,6,6,6,4,6,4.65,5.98,5,5
2.4.2.53,2,2,3,2,2,2,2,2,2,2,2,2.34,2,3,3,2,2,2,2,2,2,2,3,2,2,3,2,2,2,2,2,2,2,2
2.4.2.54,2,2,2,2,2,2,2,2,2,2,2,2,2,2,2,2,2,2,3,2,2,2,2,2,2,2,2,2,2,2,2,2,2,2
2.4.2.7,3,7,9,6,7,5,4.98,4,5,3,5,4.53,5,5,6,5,4,4,4,3,4,2,4,4,3,4,3,3,2,4,3,2,2,2
2.4.2.8,2,4,3,3,4.69,3,3.09,3,2.97,3,3,4,4,4,5,3,3,4,3,2.97,3,2,5,3,2.91,4,3,2,2,3.22,3,2,3,2
2.4.2.9,3,4,5,7,8,4,4,4,3,7,4,4,4,7,8,4,4,4,4,8,4,3,9,4,3,7,5,3,3,5,3,3,3,3
2.4.99.12,5.07,6,6,6,6,6,6,6,6,6,6.99,6.54,7,6,7,7,7,4,7,7,7,7,8,9,7,6,6,6,6,8,6,8,7,7
2.4.99.16,3,3,3.99,4,6,3.99,4,5,3,3,3,4,4,4,4.82,3,3,4.02,4,3,3,3,4,4,3,5,3.98,3,3,4,3,3,4,3.99
1.1.1.368,1.68,2,1.99,2,1.99,1,2,1,1,1.94,1.99,2,2,2,1.96,1.98,2,1.96,2,1.86,2,1.73,2,1,1.95,2,2,2,1,1,2,1,1,1
2.5.1.101,2,2,8,4,6,6,4,4,2,3,4,2,2,4,5,3,3,4,6,3.03,4,3,3,2,5,3,3,3,2,2.97,4,3,3.9,3
1.1.1.37,2,3,3,5,3.42,3,5.03,3.04,3,4,3,4,3,5,3,4,4,4.68,4,4,3,3,5,3,4,4,4,4,3,4,4,3,3,3
2.5.1.131,2,2,2,2,2,2,2,2,2,2,2,2,2,2,2,2,2,2,2,2,2,2,2,2,2,2,2,2,2,2,2,2,1.99,2
2.5.1.15,7,8,6,8,8,6.38,8,6,7,10,8,8,8,8,8,8,8,5.16,8,10,8,7,6,8,10,8,7,7.44,7,7,9,7,7,7
2.5.1.16,8,4,5,6,6.01,5.27,4,5,6,6,6,3.16,3.99,6,8,6,3,4.62,5,8,7,4.56,7,8,4,6,7,8,5,5,4,5,7,7
2.5.1.17,3.07,4,3.09,5,7,3,5,4,4,4,5,4,5,5.53,6,5,4,4,4,5,5,3,4,3,3,5,4,4,4,4,3,4,4,3
2.5.1.18,3,3.35,2.67,3,3,3,3.57,3,3,3,3,3,3,3,3,3,3,3,3,2,2.08,4.01,3,5,3,3.95,3,4,4,3,2,4,2.78,2
2.5.1.19,6.07,8,7,7,7,6,6,6.6,8,7,6,7.54,8,7,6,8,5,7,5.66,7,6,4,6,6,8,7,7,7,7,6,5,5,7,5
2.5.1.2,1.98,1.99,2,1.95,1.93,2,2,1,2,2,1.99,2,2,2,1,2,2,2,2,2,2,1.97,2,1.98,1.99,2,1.99,1.84,1,1.95,2,1,1,1.98
2.5.1.21,1,1.98,1,1,1,1,1,1,2,2,1,1.81,1,1.97,1,1.9,1,1,1.73,1,1.88,1,1,1,1.88,1,1,1,1,1,1,1,1,1
2.5.1.26,1,1,1,1,1.95,1.94,1,1,1,1,1.88,1,1,1.87,1,1,1,1.85,1,1,1,1,1,1,1,1,1.59,1,1,1,1,1,1,1
2.5.1.27,2,2,2,2,2,1,2,1,2,2,2,2,2,2,2,2,2,2,2,2,2,1.99,2,1.99,2,2,2,2,1,2,2,1.99,2,2
2.5.1.3,4.07,4,6,5,5,5,6,6,5,5,9,4.54,4.62,6,5,5.12,5,5,4.96,5,9,5,8,6.12,7,7,5,6,4,6,7,4,7,6
2.5.1.30,2,2,2,2,2,2,2,2,2,2,2,2,2,2,2,2,2,2,2,2,2,2,2,2,2,2,2,2,2,2,2,2,2,2
2.5.1.41,2,2,2,2,2,1.97,2,2,2,2.08,2,2,2,2,3,2,2,2,2,2,2,2,2,2,2,2,2,2,2,2,2,2,2,1.89
2.5.1.42,1.66,1,1,1,1,1.94,2,1,1.91,2,1,1.84,2,1,2,1,1.95,1,1.96,1,1,1,1.95,1,2,2,1,1,1,1,1.99,1,1,1
2.5.1.44,2,2,2,2,2,2,2,2,2,2,2,2,2,2,2,2,2,2,2,2,2,2,2,2,2,2,2,2,2,2,2,2,2,2
2.5.1.47,7.07,5,5,6,5,6,9,6,8,5,5,6,5,5,5,7,8,5,5,5,5,6,6,7,7,7,5,5,5,6,7,6,8,7
2.5.1.48,2,2,2,2.18,2.01,2,2,2,2,2,2,2,2,2.01,2,2,2,2,2,2,2,2,2,2,2,2,2,2,2,2,4,2,2,2
2.5.1.54,8,9,10,9,9,9,5,9,9,8,8,9,9,9,9,9,5,8,8,8,9,9,8,10,8,8,8,6,9,9,8,9,9,8
2.5.1.55,2,3,2,3,2.98,2,4,3,2,2.27,2.05,3,3,3,2,3,3,3,3,3,3,2,3.02,2,3,4,2,5,3,2.94,3,2,3,3
2.5.1.58,1,1,1.86,2,1.97,1,1.97,1,1.92,1,1,1.82,1,2,1,2,1.97,2,1,1.93,1.89,1,1.99,1.84,1,1,1.99,1.98,1,1,1.99,1,1,1
2.5.1.6,4,4,4,6,7,3.76,4,7,4,7,5.97,4,5,7.5,7,4,4,6,4,6,7,7,6,6,5,6,7,5,4,10,4,7,8,6
2.5.1.61,7,7,7,8,9,6,6,9,7,7,5,7,7,8,9,7,5.99,8,6,6.08,5.03,6,9,8,6,7,5.95,5,8,9,5,5,7,6
2.5.1.62,1.72,2,2,2,2,1.91,2,2,2,1.97,2,2,2,2,2,2,1,2,1.94,1.96,2,1.84,2,1.98,2,2,2,2,2,2,2,2,2,1
2.5.1.7,3,4,4.99,5,6,7,7,6,3.01,5,4,4,4,5.84,5,4,6.11,6,7,5,4,4,5.95,4,4,7,5,4,4,7,5,3,3,3
2.5.1.74,3.98,4,4,4,4,4,7,4,4,4,4,4,4,4,3,4,5,4,4,3,4,5,5,6,5.93,6,6,8,7,8,5,5,6,5
2.5.1.75,8,8,8,8,4.01,9,4.96,5,9,8,8,9,9,7,4,8,4,4,6,7,8,8,5,8,7,7.89,7,5,9,6,9,8,9,6
2.5.1.77,2.02,7,9,7,7,7,6,6,3,8,7,6,7,8,4.48,3,5,6,8,8,7,4,7,3,4,6,8,4,5.32,6,4,4,3,3
2.5.1.78,2.32,3,4,4,3,3,4,3,4,3,3.01,3.82,3.53,3,3,3,3,3,3,3,3,3,3,4.91,3,4,3,3,3.62,3,4,3,5,3
1.1.1.38,2.01,2.82,2,2,2,2,3,2,2,2,3,2.88,3,2,3,2.98,2,2,4,2,3,2,3,2,2,3,3,4,3,2,2,2,2,3
2.5.1.9,2,2,2,2,2,2,2,2,2,2,2,2,2,2,2,2,2,2,2,2,2,2,3,2,2,3,3,2,2.27,3,2,2,2,2
2.5.1.97,2,2,2,2,2.87,2,4,3,2.87,2,2,2.28,2,2.52,2,3,3,2,2.24,2,2,2.98,2.03,3,3,3,3,3,3,2,2,3,2,2
2.6.1.1,3,3,3,4,4,4,4,3,3,4,3,3,3,4.01,3,3.17,4,3,3,4.02,3,4,4,4,3,4,3,4,3,4,3,4,6,4.45
2.6.1.13,2,2,2,3,3,2,3,2.97,3,3,2.01,2.56,2,3,2,3,3,2.01,3,2,2.98,2,3,3,2,4,2,2,2,2,3,2,2,2
2.6.1.16,6.21,7.48,9,8,8,8,8,9,8,7.74,6,7,8,8,7,8,7,7,8.98,7,6.01,7,8,8,6,8,8,7,7,8,6,7,7,6
2.6.1.19,1,1,1,2,1,1.99,2,1,1.9,1.95,1.94,1,1,1.98,1,1.94,1,2,1.93,1.94,1,1,2,1,1,2,1,1,1,1.71,1,2,1,1
2.6.1.21,2,2,2,2,2,2,2,2,2,2,2,2,2,2,2,2,2,2,2,2,2,2,2,4,2,2.25,3,2,2,2,2,2,2,2
2.6.1.37,7,8,8,8,9,10,8.06,9,9,8,8,8.49,9,8,8,8,7,7,7,8,8,8,7,8.09,9,7,7.53,7,7,8,9,9,8,8
2.6.1.42,3,4,6,4.95,5,5,5,7,4,5,5,4.46,4,5,3,4,4,7,6,5,5,3.18,5,5,3.97,6,9,4,4,4,4,3,3.99,4
2.6.1.52,3,7,9,8,7.07,8,6,6,3,7,6,6,6,8,5,5,6,6,8,7,6,5,7,3.38,5,7,5,7,6,6,4,4.99,4,3.99
2.6.1.62,3.02,4,4,4.99,5,4,4,5,3.76,5.9,4.98,4,4.32,4.99,5,3,4,4,4,5,5,6,6,4,5,5,5.46,5,6,6,4,7,7,5.15
2.6.1.76,2,5,5,4,4,6,4,4,3,4,4,5.13,5.44,4,3,3,4,3,6,4,4,5,8,4,10,4,9,5,4,6,5,6,4,5
2.6.1.81,2,2,2,2,2,2,2,2,2,2,2,2,2,2,2,2,2,2,2,2,2,2,2,2,2,2,2,2,2,4,2,2,2,2
2.6.1.82,2,2,2,2,2,2,2,2,2,2,2,2,2,2,2,2,2,2,2,2,2,2,2,2,2,2,2,2,2,2,2,2,2,2
2.6.1.83,5,3,4.08,4,5,7,3.06,3,5.06,4,4,4,3,5,5,6,3,4,7,5,5,5,3,5,3,4,5,4.04,2,3,3,4,4,4
2.6.1.85,4,3,5,4,4.46,4,8,3,4,4,3,3,3,4,4,4.03,7.12,3,4,4,3,4,5,5,7,5,4,6,4,7,7,3,5,3
2.6.1.87,2,2,2,2,2,2,2,2,2,2,2,2,2,2,2,2,2.05,2,2,2,2,2,2,2,2,3,2,2,2,2,2,2,2,2
2.6.1.9,6.07,6,8,7.2,8.05,8,6,6,8,7,7,6.54,7,8,7.95,7,5,5,8,6,7.35,7,6.01,7,6,7.01,7,8,7,9,6,7,7,7
2.6.99.2,2,2,2,3,2.02,3,4,3,2,3,2,3,3,3,2,3,3,3,3,2.85,2,2,3,2.87,2,4,2,2,2,2,2,2,2,2
2.7.10.2,1,1,1,2,1,1.96,1.91,1,1,1,1,1,1.92,1.98,1,1.99,1.98,2,1,1,1,1,2,1,1.87,2,2,1.84,1,1,2,1,1,1
2.7.1.1,2,2,2,2,2,2,2,2.03,2,2,2,2,2,2,2,2,2,2,2,2,2,2,2,2,2,2,2,2,2,2,2,2,2,2
2.7.1.100,2,2,2,2,2,2,2.88,2,2.98,2,2,2,2,3,2,2.07,2,2,3,2,2,2,3,2,2,3,2,2,2,3,2,2,3,3
2.7.1.105,1.96,1,1,1,1.97,2,1,1,1.97,1,1,1.98,1.93,1,1,1,1,1,2,1,1,1,1,1,1,1,1,1,1.93,1,1,1,1,1
2.7.1.107,2.99,3,3.01,4,3,4,4,8,3,3,3,4,3.3,4,2.83,4,3,7,4,3,3,3,4,4,3,5,3,3,3,3,3,3,2.53,3
2.7.1.108,1.67,2,2,2,2,2,2,2,2,2,2,2,1.97,2,2,2,2,2,2,1.96,2,1.83,2,2,2,2,1.95,1.98,1.9,2,2,1,1,1
2.7.1.11,4.07,4,6,6,5,5,6,5,5,4,5,5,5,6.02,4,6,5,6,6,4,5,6,6,6,4,7,6,7,4.65,5,5,6,6,5.01
2.7.11.1,3.22,5,6,6,7,8,8,5,4,5.99,8,5,5,6.86,7,5,7,5,8,7,7,6,8,6,7,8,6,6.24,4,6,7,6,5,5
2.7.11.13,1,1,1,1,1,1,1.89,1,1,1,1,1,1,1,1,1,1,1.84,1,1,1,1,2,1,1,1,1.89,1,1,1,1,1,1,1
2.7.1.12,2,2,2,2,2,2,2,2,2,2,2,2,2,2,2,2,2,2,2,2,2,2,2,2,2,3,2,2,2,2,2,2,2,2
2.7.11.24,1,2,1.98,2,1.97,2,1.99,1,1.87,1.98,1.92,2,2,2,1,2,2,2,2,1,2,1,2,1.98,2,2,1,1,1,1,1,1,1,1.92
2.7.1.130,3.07,3,4,4,4,3,5,3,4,5,3.31,4,4,4,3,5,6,4,4,5.13,3,3,4,5,5,5.96,4,4,3.42,4,4,3,4,3
2.7.1.144,2,2,2,2,2,2,2,2,2,2,2,2,2,2,2,2,2,2,2,2,2,2,2,2,2,2,2,2,2,2,2,2,2,2
2.7.1.148,4,5,6,6,5,5,8,5,5,6,5,5,5.03,7,5,5,7,4.04,5,5,5,4,6,4,5,6,6,4.37,4,6,5.99,4,5,4
2.7.1.15,10,8,6,8,7.96,7,6,8,9,7,7,8.54,9,8,9,9,5,8,7,8,7,8,9,9,7,8,8,7,9,10,7,8,10,9
1.1.1.40,3.06,4,3,3.92,3,3,5,4,4,3,3,3,3,4,3,4,5,3,4,3,3,3,3.8,4.82,2,4.95,3,3,5,4,3,3,5.01,4.91
2.7.1.158,1,1,1,2,1,1.9,1.95,1,1.98,1,1,2,1.99,2,2,1.94,1,1.93,1.96,2,1,2,2,1,1,1,1,2,1,1.98,1,2,1,1
2.7.1.16,2,2,2,2,2,2,6,2.24,2,2,2,2,2,2,2,2,6,2,2,2,2,2,2,2,6,2,2,2,2,2,7,2,2,2
2.7.1.161,1,1,1,1,1.94,1,1,1,1,1,1,1,1,1.99,1,1,1,1.89,1,1,1,1,1,1.97,1,1,1,1,1,1.84,1,1,1,1
2.7.1.166,2,2,2,2,2,2,2,2,2,2,2,2,2,2,2,2,2,2.03,2,2,2,2,2,2,2,3,2,2,2,2,2,2,2,2
2.7.1.168,2.07,2,3,2,2.37,2.69,3,2,2,2,2,2,2,2,2,2.35,2,2,2,2,2,2,3,2.76,2,3,2,3,3,3,2,2,3,2
2.7.1.169,1.99,2,2,2,1,1,1.94,2,1.96,1,2,1.88,2,2,2,2,2,1.91,2,2,2,2,2,1,2,2,2,1.99,1,1.98,1.98,1.96,1.97,2
2.7.1.17,2,2,2,2,2,2,2,1,2,2,2,2,2,2,2,2,2,2,2,2,1.95,1,2,2,1.99,2,2,1,2,1.99,1.98,1,1,1
2.7.1.174,1.97,2,2,2,2,2,2,1,2,2,2,2,2,2,2,2,2,2,2,2,2,2,2,1.86,3,2,2,5.54,2,2,2,2,3,3
2.7.1.177,3,2.36,2,3,2.42,2,6,2,2,2,2,2.11,2,3,2.81,3,5,2,2,2,2,2,3,3,3,3,3,2,3,3,3,2,5,3
2.7.1.19,2,2,2,2,2,2,2,2,2,2,2,2,2,2,2,2,2,2,2,2,2,3,2,2,2,2.97,3.05,3,2,3,2,3,3,3
2.7.1.197,2.07,3,5,3,3,5,5.69,3,3,3,3,3,3.99,3,3,3,5,2.44,6,3,4,3,3,2,2,4,2,2,2,2,3,4,3,3
2.7.1.198,3.06,3,2,3,3,3,3,4,3,3,2,3,3,3,2,3,2,3,3,3,2,3,3,3,3,3,3,3,2.61,2,3,3,2,2
2.7.1.199,2.06,2,2,3,3,2,3,2,2,2,2.56,2,2,3,2,3,2,2,3,2,3,2,2.77,2,3,3,3,3,2,3,2.76,2,4,3
2.7.1.2,6,7,6,8,6.15,7,7,5,7,7,5,7.54,8,8,5,8,6,5,7,5,5,4,4,4,5.02,6,6,5,3,3.26,4,4,4.02,4
2.7.1.20,1,1,1,1,1,1,1,1,1,1,1,1,1,1,1,1,1,1,1,1,1,1,2,1,1.85,1,1,1,1,1,1,1,1,1
2.7.1.201,2,3,2,3,3,3,4.81,3,2.03,3,2.07,3,3,3,4,3,5.02,3,3,3,3,2.64,3,3,3,4,3,2,2,2.8,3,2.06,3,2.58
2.7.1.202,2,2,4,3,5,3,3,3,2.98,2.01,6,3,3,3,5,3,3,3,3,2.56,6,2,6,2,2,4,2,3,2,4,2.01,2,2,3
1.1.1.405,2,2,2,2,2,2,2,2,2,2,2,2,2,2,2,2,2,2,2,2,2,2,2,2,2,2,2,2,2,2,2,2,2,2
2.7.1.207,2,2,2,2,2,2,2,2,2,2,2,2,2,2,2,2,2,2,2,2,2,2,2,2,2,2,2,2,2,2,2,2,2,2
2.7.1.208,2,2,2,3,2,2,5,2,2,2,2,2,2,3,2,3,3,2,3,2,2,2,2,2,2,3,2,2,2,2,2,2,2,2
2.7.1.21,3.07,4,3,4.93,3.55,3.98,5,3,5,4,4,4,4,4,3.99,4,4,3,3.09,4,3,3.86,3,3.82,3,4,5,4.44,4,4,3,4,3,2.16
2.7.1.23,5,5,10,7,8,8,8,6,7,8.02,6,5,5,7,5.98,5,8,5,8,6,6,7,6,5,7,7,5,6,4.98,6,8,7,5,5
2.7.1.24,6,4.99,4,6,4,6,7,6,6,6,4,5,5.32,7,4,7,7,7,6,6,5,7,5,8,5,8,5,3,3,5,5,7,3.04,4
2.7.1.25,3.03,2.68,2.65,3,3,3,3,3,3,3,2.94,3,3,4,2.57,3,3,3,3,3,3,2,3,5,2,4,2.3,3,2,3,3,2,3,2
2.7.1.26,2,2,2,2,2,2,2,2,2,2,2,2,2,2,2,2,2,2,2,2,2,2,2,2,2,3,2,2,2,2,2,2,2,2
2.7.1.30,8.02,8,9,9.04,10,9,10,8,9,9,8,8,9,10,9,9,10,7,9,9,9,9,9,10,9,9,10,9,9,9,8.8,9,8,8
2.7.1.33,4.07,6,7,5.06,7,6,7,4.01,5,7,7,5.14,6,6,6,6,7,5,6.01,6,7,7,6,5,7,6,6,6,5,6,6,8,6,7.38
2.7.1.35,6.07,8,7.93,6.11,3,7.99,4,4,7,6,7,9,9,6,3,7,3,3,5,5,8,7,5,8,5,6,6,5,8,7,6,7,9,7
2.7.1.36,3,4,3,3.01,3,3,6,4,3,3,4,3.55,4,3,3,4,4,3,4.94,3,4,3,4,3,4,3,4,4.19,4,3,4,4,3,3
2.7.1.39,5,5,4,5,4,4,5,5,5.73,5,3,5.54,6,6,5,6,4,6,4.87,5,4,3,8,4,4,7,3.62,4,4,5,4,3,4,3
2.7.1.40,5.07,7,6,9,8,6,7,7,6,7,6,7,8,9,8,8,6,7,6,6,6,6,8,7,6,7,8,5.13,5,7,6,5,5,4.04
2.7.1.48,2,2,3,3,3,2,4,2,2,4,5,2.95,2.72,3,2,3,3,2.99,3,4,5.9,2,3.97,2,4,4,4,3,2,3,3.06,2,5.05,4
2.7.1.49,3.07,4,4.08,5,4,4,5,4,4,4,7,4,4,5,4,4,4,4,4.99,4,6,4.79,5,5,3,6,4,4,3,5,4,4,4,4
2.7.1.5,2,3,3,5,3.03,4,6,3,3,7,6,3,3,5,3,4,6,3,3,7.32,5,3,3,3,3,4,4,3,3,3,3,3,3,2
2.7.1.50,3,3,3,4,4,3.03,5,8,3.92,3.42,4,3.02,3,4,3,4,4,9,4,3,4,3,4,4,3,5.09,3,3,3,3,3,3,4,3
1.10.2.2,2,2.99,2,3,3,2,5,2.39,3,2.01,2,3,3,3,2,3,4,3,3,2,2,2,3,3,2,3,2,2,2,2.61,2,2,2,2
2.7.1.51,1,1.99,1,1.93,1,1,1,1,1.93,2,1,1.87,1,1,1,2,1,1.93,1.98,1,2,1,2,1,1,1,1,1,1,1,1,1,1,1.93
2.7.1.55,2,2,2,2,2,2,2,2,1.99,2,2,2,2,2,1.99,2,2,2,2,2,2,2,2,2,1.84,2,2,2,2,2,2,1.93,2,1
2.7.1.56,4,4,3,4,5,4,4,4,3.73,5,4,4.53,5,4,5.99,4,3.42,4,5,4,4,2,5,3,3,6,4.72,4,3,3,3.49,3,3,3
2.7.1.58,3,3,4,3,4,3,6.65,3,4,4,3,3,3,3,3,3,7,3,3,3,3,5,4,3,8,4,5,4,3,3.84,7,4,2.69,3
2.7.1.59,2,5,2.93,4,4,5,4,3,2,4,4,5,5,3.13,4,2,4,2.91,5,4,5,4,3.41,2,4,4,5,3,4,4,4,4,4,4
2.7.1.6,6.07,6,7.51,7,8,7.01,9,7,6,9,6,6,7,7,8,7,8,6,6.37,8,7,4.04,7,6,7,6,6,5,4,7,7,5,6,5
2.7.1.60,2,2,2,2,2,2,2,1,2,2,2,2,2,2,2,2,2,2,2,2,2,2,2,2,2,2,2,2,2,2,2,2,2,2
2.7.1.64,1.91,2,2,1.99,2,2,2,2,2,2,2,2,2,2,2,2,2,2,2,2,2,2,2,1.99,2,2,2,2,2,1.95,2,2,2,2
2.7.1.71,3.07,7,5,7,4,5,7,5,4,6,5,7,7,7,4,5,7,4,4,6,6,3.95,5,4,7,6,6,5,3,4,7,3,4,4
2.7.1.89,2,5,4,5,4,3,7,3.2,3,4,2,5,5,5,3,3,6,4,7,4,2,5,6,5,7,3,4,3,5,3,7,4,4,3
2.7.1.90,2,2,2,2,2,2,2,3,2,2,2,2,2,2,2,2,2,3,2,2,2,2,2,2,2,2,2,2,2,2,2,2,1.97,2
2.7.1.92,2,2,2,3,6,2.01,3,3,3,3,3,2.95,2,3,5,3,2,2,3,2,3,4,5,4,2,3.95,3,3,2,3,2,4,3,3
2.7.2.1,6,7,8,8,8,5,9,6,7,8,6,7,7,8,7.55,8,8,6,6,8,7,9,7,8,9,8,9,9,7,9,8,8,6,6
2.7.2.11,5.16,6,9,7,8,7,6,6,5,7,7,6,6,7,6,6,6,5,8,6,6.97,5,5,6,5,7,7,6,6,5,5,7,5,5
2.7.2.15,1,1,1,1,1,1,1.87,1,1,1,1,1,1,1,1,1,1,1,1,1,1,1,1,1,1,1,1,1,1,1,1,1,1,1
2.7.2.2,3,3,3,4,3.8,3,4,3,3,3.33,3,4,4,4,4,4,3,3.12,4,3.03,3,3,5,3.89,3,4,4,3,3,5,3,3,3,3
2.7.2.3,5,5,7,6,5.17,6,9,5.9,6,5,6,6,5,7,4,7,7,6,7,4,6,5.73,6,5,5,8,5,4,4,5,6,6,5,4
2.7.2.4,7,5,5,7,5,6,7,7,8,7,5,5.54,6,7,4,8,6,6,6,7,4,8,5.98,9,5,8,7,7,5,7,5,8,4,4
2.7.2.7,1.98,2,2,2,2,2,1,2,2,2,1.99,2,2,2,2,2,2,2,2,2,2,1.81,2,2,1.91,2,2,1,1.92,1,2,2,1.95,1.9
2.7.2.8,3,7,3,7,6,5,7,7,3,5,7,6,6,7,4.07,4,5,6,4.99,5,6.36,3,4.81,4,3,6,5,5,5,6,4,5,9,5
1.1.1.42,4.07,4,6,5,5.13,8,7,5,5,5,5,4,4,5,5,5,5,4,6,4,5,5,5,5,6,6,6,6,4,7,5,4,7,6
2.7.4.1,5.07,6.83,8,7,8,7,8,6,6,8,6,6.54,7,7,7,7,6,6,7.16,6,8,8,7,8.92,9,8,8,9,7,9,7,6,7,7
2.7.4.10,1,1,1,1,1,1,1,1,1,1,1.94,1,1,1.89,1,1,1,1,1.81,1,1.99,1,1.98,1,1,1,1.94,1,1,1,1.83,1,1,1
2.7.4.16,3.07,4,3.91,4.01,4.15,4,5,4,5,5,4,4,4,4.01,4,6,4,4,4,4,4,4,6,4,4,6,9,5,4,4,7,4.14,4,6
1.1.1.44,2.1,3,4,4,4,3,5,5,3,4,4,3,4,4,4.76,4,4,5,4,4,5,3,4,4,4,5,5,4,3,5,4,3.98,3.93,3
2.7.4.2,3.07,3,4,4,4,5,4,3,4,4,4.36,3,3,4,3,4,4,3,5.87,3.28,5.97,4,3,4,4,3,3,5,3,3,3,5,5,5
2.7.4.22,2.04,3,3,3,7,3,5,3,3,3,3,3,3,4,7,3.06,4,3.88,4,3,3,2,4,3,3,4,3,3,2,5,3,2,2,2
2.7.4.23,6,6,7,5,6,5,5,4,6,5.93,5,4.54,5,5,5,6,4,3,5.68,5,5,4,4,7,5,5,4,5,5,4,5,4,4,5
2.7.4.25,6.01,6,7,6,5,5.01,5,5.02,6,5,6,6,7,7,5,7,5,5,6,6,5,6,7,5,6,7,5.4,4,5,4,6,4,3,3
2.7.4.26,1.71,1,2,2,2,1,2,1,1.99,2,1.97,1.85,2,2,2,1.91,1.99,1.95,1.81,1.95,2,1.77,1,1.91,2,2,1.99,1.99,1,2,1,1,1,1.93
2.7.4.3,3,4,4,5,4.01,3,8,4.07,3,8,4,4,4,5,4.79,4,7,4,4,6,4,3,4,3,5,5,3,3.98,3,4,6,4,3.07,3
2.7.4.31,1,1,1,1,1.97,1,1.89,1,1,1,1,1,1,1,2,1,1,1,1.74,1,1.85,1,1.71,1,1,2,1,1,1,1,1,1,2,1
2.7.4.6,2,2,2,3,3,3,3,3,2.97,2,2,3,3,4,2,4,2,3,3,3,2,2,5,2.09,2,3.02,3,2,2,2,2,2,2,2
2.7.4.8,2,5,3,3,3,3,4,3,2.99,3,2.94,6,6,4,2,3,3,3,3,3,3,3.01,4,3,2.09,5,3,3,6,3,3,4,3,3
2.7.4.9,6,5.02,4,5,5,6,5,5,7,4.3,4,6,6,5,5,8,3,5,5,4,5,4,5,5,4,5,4,4,4,4,3,4,5,4
1.1.1.47,2,2,2,2,2,2,2,2,2,3,2,2,2,2,2,2,2,2,2,2,2,2,2,2,2,3,2,2,2,2,2,2,2,2
2.7.6.1,3.05,3.4,5,5,4,4,10,4,4,5,3,4,4,5,4,5,8,5,5.27,4,4,3,5,4,4,6,7,4,3,4,5,3,3,3
2.7.6.2,3.07,3,3,4,3,4,4,6,4,4,4,4,4,4,3,3.98,3,3,3.94,3,4,4,4,4,3,5,3,5,6,4,3,5,4,3
2.7.6.3,5,6,6,5.63,6,6,6,5,6.48,8,9,6.92,7,6,6,7,6.84,5,6,8,8.01,8,6,8,8,7,5,5,7,8,8,7,8,7
2.7.6.5,1,1,1,1,1,1,1,1,1.94,1,1,1,1,1,1,1,1,1,1,1,1,1,1,1,1,1,1,1,1,1,1,1,1,1
2.7.7.1,1,1,1,1,2,1,1,1,1,1,1,1.85,1,1.99,1,1,1,1,1.79,1,1,1,1,1,1,1,1,1,2,1.98,1,1,1,1
2.7.7.12,3,3.99,4,7,4,3,4,4,3,4,4,4,4,6,3,4,4,4,4,4,4,5,4,4,3,5.71,4,4,3,3,4,4,3,3
2.7.7.13,5,4,4,5,5.02,4,7,6,4,6,6,4,4.01,6,6,4.96,6,6,5,7,7,4,5,4,4,5.01,5,7,5,5,4,4,5,5
2.7.7.18,4.07,4,5,6,5,4,5,5,4.02,4,4.93,4.08,4.01,5,5,6,4,4,5,4,4,4,5,4,4,5.99,4,5,3.11,4,4,4,9,8
1.1.1.49,4.07,4,6,5,4,4,5,4,5,4,4,4,4,5,3,6,5,4,4,4,5,3.56,5,5,4,6,4.01,5,5.91,4,4,4,5,4
2.7.7.2,1,1,1,1,1,1,1,1,1,1,1,1,1.98,2,1.91,1,1,1,1,1,1.91,1,2,1,1,1,1.67,1,1,1,1,1,1,1
2.7.7.24,3,4,4,5,4,4,4,7,4,4,3,4,4,5,4,5,4,9,5,4,3,3,5,3,3,5.88,3,3,3,3,3,3,3,2.86
2.7.7.27,3,4,5,5,5,4,5,6,4,4,4,5,5,6,4,5,4,5.99,6.01,4,5,3,4.11,3.97,3,5,4,3,2,4,5,3,3,3
2.7.7.3,5.07,5.71,7,7,5,7,8,4,6,8,6,6.73,7,7,6,6.88,7,3.99,5.98,6,7,7,6,7,6,5,6,4,5,4.68,6,5,6,4
2.7.7.33,3.03,4,3,4,4,4,3,6.84,4,4,5,3.2,4,4,3,4,3,3,3.07,3.05,5,5,3,5,5,3,5,4,6,3,4,6,6,7
2.7.7.38,6,6,6,6.12,7.05,5,5,5,5,7,6,5,5,6,7.97,5,5,5,7,6,5,5,9,7,6,7,6,6,7,9,6,4,9,7
2.7.7.39,2,2,2,2,2,2,2,2,2,2,2,2,2,2,1.93,2,2,2,2,2,2,2,2,2,2,2,2,2,2,2,2,2,2,2
2.7.7.4,4.07,5,4,5,5,4,7,5,4.8,5,6,5,6,6.58,4,5,6,4.83,5,5,6,6,7,6,5,7,5,5,4,6,4.03,5,5,5
2.7.7.40,1.77,1,1,1.96,1,1.93,1,1,1,1,1,1,1,2,2,1,2,1,1.74,1,1,1,1,1.99,1,1,1,1,1,1.87,1.85,1,1,1
2.7.7.41,2,2,2,2,2,2,3,6,2,2,2,2,2,2,2,2,2,8,2.94,2,2,2,2,2,2,2,2,2,2,2,2,2,2,2
2.7.7.5,2,2,2,2,2,2,2,2,2,3,2,2,2,2,2,2,2,2,2,2,2,1.98,2,2,2,2,2,2,2,2,2,2,2,2
2.7.7.6,8,7,9,9,8,9,9,8,9,8,7,8,8,9,7,9,8.56,8,8.15,7,8,9,8,9,7,9,7,8,7,7,7.67,9,6,6
2.7.7.60,4.02,6,5,5,5,6,5.18,6,5,6,4.99,5,5,5,4,5,5,7,5,5,4,5,4,5.72,6,5.01,4.37,4,5.35,5,5,4,4,4
2.7.7.67,2,2,2,2,2,2,2,2,2,2,2,2,2,2,2,2,2,2,2,2,2,2,2,2,2,2,2,2,2,2,2,2,2,2
2.7.7.68,4,4,4,4,4,4,4,4,4,7,4,4.54,5,5,5,5,4,3.04,6,6,4.91,4.91,6,4,4,3.86,5,6,5,4.53,4,4.68,3.95,3.99
2.7.7.7,9,9,10,10,10,10,10,10,10,10,10,9,10,10,10,10,10,9,10,9,10,9,10,10,10,10,9,10,9,10,10,9,10,10
2.7.7.73,2,2,2,2,2,2,4,2,2,2,2,3,2,2,2,2,4,2,2,2,2,2,2,2,2,2,2,2,2,2,2,2,2,2
2.7.7.76,2,2,2,2,2,2,2,2,2,2,2,2,2,2,1,2,2,2,2,2,2,1.96,2,2,2,2,2,2,2,2,2,2,2,2
2.7.7.77,5.07,6,4,5,4.07,4,6,6.06,6,5,5,6,6,5,5,5,5,6,4,5,4,5,8,5,6,5,6,5,4,7,5,5,5,4
2.7.7.8,4,5,5,6,6.66,5,9,5,5,5.02,5,5.54,5.03,7,6,6,7,6,5.61,5,6,5,6,5,5,7,5,5,3,5,5,5,4,4
2.7.7.81,2,2,2,2,2,2,2,2,2,2,2,2,2,2,2,2,2,2,2,2,2,1.99,2,2,2,2,4,2,2,2,2,2,2,2
2.7.7.9,3,3,4,4,3.99,3,5,4,3,4,6,3.97,4,4,3,4,5,4,4,3,6,4.67,4,4,5,5,4.39,8,4,5.02,5,4,5,6
2.7.8.11,1,1.99,1.89,1.99,1,1,2,1,1,1,1.94,2,2,1,1,1,2,1.96,1.95,1,2,1,2,1,1,1,1,1,1,1,1,1,1,1
2.7.8.13,8.07,8,8,8.55,8,8,10,8,9,9,7,7.54,8,9,7,10,9,9,9,9,8,9,8,10,8.22,9,9,9,8,9,8,9,8,8
2.7.8.15,1.96,1,2,2,2,2,1.99,1,1,1,1,1.87,1.98,2,1,1.98,1.95,2,2,2,2,1.95,1,2,1.96,2,2,1,1,1.81,1.96,2,1,1
1.1.1.58,3.27,5,3,5,4,3,4,3,5,5,3,4,5,4,3,5,4,3,3.81,4,4,2,2.02,2,3,3,2,2,2,2,3,2,2,2
2.7.8.20,2,2,2,2,2,2,2,2,2,2,2,2,2,2,2,2,2,2,2,2,2,2,2,2,2,2,2,2,2,2,2,2,2,2
2.7.8.24,3,4,2,2,2,3,3,3,3,2,2.08,4,4,2,2,3,2,3,3,2,2,5,3,3,2,3,2,4,3,2,2,5,2.3,3
2.7.8.26,4,7,4,6,5,6,6,4.13,5,5,4,6,6,6,4.99,5,5,4.97,6,6,5,6.37,6,5,6,7,5,6,7,5,5,8,4.05,5
2.7.8.28,2,3,3,3,4,2,4,4,3,3,3,2.01,2,3,4,3,4,5,2,3,3,2,3,2.35,3,3,3,3,3,3,3,2,3,3
2.7.8.37,2.07,3,2.98,3,5,3,7,3,3,3,3,3,3,3,4,4,6,3,3,3,3,3,3.82,3,7,4,3,5,2.02,3,7,3,3,3
1.1.1.60,2,2,3,2.91,2.01,3,3,3,2,3,3,2,2,3,2,2.74,3,2,3,2,3,3,2.99,3,2.42,3,2.01,3,2,3,2.99,2,2,2
2.7.8.5,3.07,4,4.74,4,4,5,6,7,5.1,4,4,4,4,5,3.03,5,6,6,6,4,4,4,5,4,4,6,4,4,3,4,5,3.01,3,3
2.7.8.7,4.07,7,6,6,7.01,7,9,6,5,6,7,6.15,7,6,8,5,9,6,7,5,7,7,7,7,8,7.99,6,6,5,8,8,5,10,8
2.7.8.8,2,3,3,3,3,3,4.01,2.23,3,3,3,3,3,3.14,2,3,4,3,3,3,3,3,3,3,3,4,2.46,2,2,2.96,5,2,2,2
2.7.9.1,4,6,6,8,8,5,8,5.98,5,6,6,7,6,8,4,7,7,7,8,6,7,4,5,5,7,7,6,5,3,5,7,4,4,4
2.7.9.2,3,3,3,4,3,3,4,3.03,3,4,3,3.03,3,4,3,3.54,3,3,4,3,3.15,4,4,4,3,5,3,3,2.96,3,3,4.28,4,3
2.7.9.3,6,4.37,6,5,5,6,4,4,6.7,4.81,3.02,4,4,5,4,7,3,4,5,4,3.76,5,4,5,4,5,4,3,4.1,4.25,5,4,6,4.2
2.8.1.1,2,2,2,2,2,2,3,2,2,2,2,2,2,2,2,2,2.07,2,2,2,2,2,2,2,2,2,2,2,2,2,2,2,2,2
2.8.1.10,2,4,6,4,4,3,3.01,3,3,3,4,4,4,4,5,3,4,3,3,3,4,3,5,3,3,4,3,3,3,3,3,2.51,3,3
2.8.1.12,2,2.77,2.6,3,3,2.91,4,3,2.98,2.98,2.01,3,3,3,2,3,4,3,3,3,2.08,4,4,3,3,3,3,4,3,2,3.02,4,3,2
2.8.1.4,3,4,3,3,4,4,4,4.31,3.04,3,3,4,4,4,4,4,3.17,4,4,3,3,3,4,3,3,5,3,5,3,4,3,3,4,4
2.8.1.6,4,3,4,3.73,3.74,3.04,5,3,3.21,5,3,4,4,4,3,4,4,4,4,5,3,5,6,4.18,3.99,6.04,5,4,3,4,4,6,3,3
2.8.1.7,9,9,10,9.89,9,10,9,9,9,9,8,9.54,9,10,9,9,8,8,9,9,9,10,9,10,9,10,9,8,9,8,9,9,9,8
2.8.1.8,2,2,2.61,3,3,2.97,3,3,2,3,3,3,3,3,2.25,3,3,3,3,3,3,2,3.24,3,2,4,3,2,2,2,3,2,3,2
2.8.4.1,1,2,2,1,3,2,2,1,1.94,2,1,1,1,1,3,1,2,1.84,1.94,1,1,1.77,2,1.91,2,1,2,2,1,3,1.94,1,1,1.88
2.9.1.1,2.23,3,3,3.52,3.84,3.58,5,4,4,4,3,3,3,4,3,3,4,4,3.91,3,3,3,4,3.05,4,5,4,3,3,3.63,3,3,3,3
3.1.1.1,2,2,2,2,2,2,3,2,2,2,2,2,2,2,2,2,2,2,2,2,2,2,2,2,2,2,2,2,2,2,2,2,1.96,2
3.1.1.11,2,2,2.09,4,3,3.93,3,3,2,2.01,2,3,2.98,3.06,2,3,3,3,3,2,3,2,3,2,2,4,2,2,2,2,2,2,2,2
3.11.1.1,2,3,2,3,2,2,2.78,3,2,2,5,3,3,3,2,2,2,3,2,2,5,2,3,2.12,2,3,3,3,2,3,2,2,2,2.07
3.11.1.2,2,2,2,2,2,2,3,2,2,2,2,2,2,2,2,2,2,2,2,2,2,2,2,2,2,2,2,2,2,2,2,2,2,2
3.11.1.3,1,1,1.97,1.85,1.9,2,2,1,1.96,2,1.94,2,1.99,2,1.84,1,2,1.76,2,1.99,2,1,2,1.88,1,2,2,1,1.82,2,2,1.81,1,1.78
3.1.1.14,2,2,2,2,2,2,2,2,2.36,2.29,2.47,2,2,2,2,2,2,2,2,2,2,2,2,2,2,2,2,2,2,2,2,2,3,2
3.1.1.17,1,1,1,1,2,1,1.86,2,1.87,1.91,2,1.93,1.98,1.86,1,2,1,1.89,1,1,2,1.74,2,1,1.99,2,1,1.85,1,1.91,1,1,1,1.83
3.1.1.2,2,2,1.8,2,1.91,2,2,1,1.86,1.94,2,1.91,2,1.88,1.98,2,2,2,2,1.92,2,1,1.98,2,2,1,1.59,1.73,1,1,2,1,1,1.86
3.1.1.22,6,4,3,4,3,3,5,4,4.01,5,4,4,4,3,4,5.6,4,3,3,4,3,7,3,5,5,3,8,7,5,6.77,3,6,4,4
3.1.1.24,4,4,4,4,5,3,4,6,4,4,4,4,4,3.72,5,4,3,5,3,4,3,3,5,4.65,5,5,3,3,4,6,4,3,3,3
3.1.1.3,3,3.79,2,2,2,2,3,2,2,2,4,3,3,2,2,2,2,2,2,2,4,2.97,2,3,2,2.99,2.99,2,3,2,2,3,2,2
3.1.1.31,2,2,2,2,2,2,2,2,2,2,2,2,2,2,2,2,2,2,2,2,2,2,2,2,2,2,2,2,2,2,2,2,2,2
3.1.1.4,2,2,2,2,2,2,2,2,2,2,2,2.55,2,2,2,2,2,2,2,2,2,2,2,2,2,2,2,2,2,2,2,2,2,2
3.1.1.47,3,3,4,4,4,3,5,4,4,4,5,3.22,3.06,4,4,4,4,4,3.01,3.04,4,4,5,4,5,5,5,5,3,3,4,3,3,3
1.1.1.77,2,2.11,3,3,3,3,4,2,2,2,2.37,3,3,4,2,3,3,3,4,3,3,2,3,3,4,3.09,2,2,2,2,4,2,2,2
3.1.1.85,3.07,4,7,5,5,4,4,3.94,3.99,5,4.86,3,3,4,4,4,4,3,4,4,5,4,4,5,5,4,4,6,6,3.19,4,4,6,5
3.1.2.12,3,3,2,3,3,2,5,3,2,2.02,4,3,3,3,3,2.7,5,4,3,2,4,2,3,2,3,3,3,3,4,5,3,3,2,2
3.1.2.22,1,1,1,1,1,1,1,1,1,1,1,1,1,1,1,1.92,1,1.53,1,1,1,1,1,1,1,1,1,1,1,1,1,1,1,1
3.1.2.28,2,2,2,2,2,2,2,2,2,2,2,2,2,2,2,2,2,2,2,2,2,1.92,2,2,2,2,2,2,2,2,2,2,1.87,1.88
1.1.1.85,2,3,3,4,5,3,4,4,3,3.19,4,3,3,4,4,3.56,3,3,4,3,4,3,5,3,3,5,3,3,2,3,3,2,6,3
1.1.1.86,5.07,4,3,5,5,3,5,4,4,4,3,4,4,5,5,5,4,4,4,4,3.51,2.59,8,6,3,5,4,3,5,8,4,3,7,5
1.1.1.94,2.04,3,4,4,4,3.98,5,4,3,4,3,4,3.93,4.8,3,4,4,4.06,4,3,3.85,6,5,3,3,6,6,3,3,3.02,3.02,3,3,3
1.1.1.95,3,3,4.04,4,4,4,5,6,5,4,4,3.06,3,4,3,4,4,5,4,4,4,3,4,4,3,5,4,5,3,4,3,3,5,4
3.1.2.6,6,6,8,6,6,7,4.98,6,7,7,6,5.54,6,6,6,8,5,4,7,5,6,5,4.03,6,5,5,6,8,7,5,4,5,5,5
3.1.3.1,3,4,3,4,6,3,4,5.02,4,4,4,4,5,4,4,4,3,7,4,4,5,3,4,3,3,6,3,4,4,4,3,3,4,4
3.1.3.11,7,4,6,7,5,5,6,4,8,5.55,7,4,4,7,7,9,6,4,6,6,9,4,5,6,5,6,5,5,4,5,5,4,4,4
3.1.3.15,2,3,4,4,6,7,5,3,3,4,5,4,4,4,4,3,4,3.61,4.98,3,4.26,3,5,3,3,4,5,3,4,3,3.14,3,3,4
3.1.3.16,7.02,8,8,9,10,9,9,9,9,9,8,8,9,9,9,9,9,8,8,8,9,7,9,9,8,9,8,9,9,8,8,7,10,9
3.1.3.18,2,3,3,3,3,2,3,2,3,3,3,3,3,3,3,3,3,3,3,3,3,2,3,2,3,4,2.02,3,2,2,3,2,3,2
3.1.3.2,2,2,2,3,3,4,3,2,2,2.09,3,2,2,3,3,2.88,3,2,3,2,3,2,3,3.71,2,3,2.99,2,3,2,2,2,2,2
3.1.3.24,1.81,1.96,2,2,1.94,1.8,2,2,2,1.96,2,2,1.98,2,1.9,1.96,2,2,2,1,1.99,1.9,2,1.83,1.99,2,1.96,2,1.83,1,1.76,1.95,1,1.9
3.1.3.25,7,8,6,9,7.46,5,8,7,5,8,8,8.28,9,9,8,7,7,7,7,8,9,8,10,8,9,10,10,8,7,9,9,8,9,10
3.1.3.27,2,2,3.81,3,3,3,5,3.02,2,3,3,3,2.01,3,2,3,3,4,3,3,3,2,3,3,3,3,6,3,2,3,3,2.34,3,3
3.1.3.3,2,2,2,2,2,2,2,2,2,2,2,2,2,3,2,2,2,2,2.02,2,2,2,2.29,2,2,3,2,2,2,2,2,2,2,2
3.1.3.4,2,2,2.88,2,2,2,2,1,2,1.99,2,2,2,2,1.91,2,2,2,2,1.98,2,2,2,2,2,2,2,2,2,2,2,2,2,2
3.1.3.45,2.07,2,2,3,3,2,3,3,2,3,3,3,2.21,3,3,3,3,3,3,3,3,4,4,4,3,4,3,4,3,4,3.02,3,3.98,4
3.1.3.5,6.07,6,7,7,8,7,7,7,7,8,7,6.88,7,7,8,7,6,6,7,8,6,6,6,7,8,7,7,7,8,8,8,7,7,8
3.1.3.7,2,2.99,3,3,4,3,3,3,3,3,4,2.99,3,3,3,3,3,3,3,2.99,4,2,3,3,4,3.77,3,6,4,3,3,2,5,4
3.1.3.70,2,2,2,2,2,2,3,2,2,2,2,2,2.01,2,2,2,3,2,2,2,2,2.05,2,2,2,2,3,3,2,3,2,2,2,2
3.1.3.71,4,6,7.6,6,9,6,9,4,5.97,8,4,5.54,6,6,5,5,6.01,4,6,5,3,5,6.99,3,4,4,10,5.05,4,4,3,6,4,3
3.1.3.73,4.07,3,2,3,3.16,3,2,6.36,4,3,2,2.08,3,3,5,4,3,3,5,2,2,5,5,4.23,3,3,3,2.96,2,2,3,5,2,3
3.1.3.77,2,2,2,2,2,2,2,2,2,2,2,2,2,2,2,2,2,2,2,2,2,2,2,2,2,2,2,2,2,2,2,2,2,2
3.1.3.8,3,3,2,3,3,3,3,3,3,3,3,3,3,3,3,3,3,3,3,3,3,2.75,3,3,3,3.12,3,3,2.01,3,3,3,2,2
3.1.3.87,1.99,2,2,2,2,2,2,2,2,2,2,2,2,2,2,2,2,2,2,2,2,2,2,2,2,2,2,2,2,2,2,2,2,2
3.1.3.89,2,2,2,2,2,2,2,1,2,2,2,2,2,2,2,2,2,2,2,2,2,1.88,2,2,2,2,2,2,1.99,2,2,1.79,2,2
3.1.3.99,1,1,2,2,1,1,2,1,1,2,2,1.82,1.92,2,1,1,2,1.55,1.93,2,2,1,2,1.95,1,1,1,1.8,1,1,1,1,1,1
3.1.4.11,2,4,2,2,4.7,2,3,6,2,2,3,4.22,5,2,5,2,2.11,5,2,2,3,2,5,2.08,4,2,2,2,6,7,3,2,3,2
3.1.4.14,2,2,2,2,2,2,3,3,2,2,2,2,2,2,2,2,2,2,2.97,2,2,3,2,2,2,3,2,2,2,2,3,3,2,2
3.1.4.3,3.07,3,4,5,3,4,4,5,4,4,3,3,3,5,3,5,3,4,5,3,3,4,3,4,4,5,3,3,2,3,4,4,3,2.14
1.1.2.7,1.67,1.98,1,2,2,1.82,2,1,1.99,2,1,2,2,2,1.83,1.98,2,2,2,1,2,1.71,2,1,1,2,1.68,1,1,1.68,1.97,1,1,2
3.1.4.4,3,6.14,5.95,5,6,7,7,3,4,5,7,6,6,4,5,3,6,3.46,4,4,6,6,3,4,5,4,5,4,3,4,4,7,5,4
3.1.4.50,1.52,1,1,1,1.89,1,1.82,1,1.85,1,1,1.92,1.66,1.94,1,1.88,1.99,2,1.74,1,1,1,1,1,1,1,1.81,1.81,1,1.66,1,1,1,1
3.1.4.53,7,6,5,9,9,6,4,10,8,8,5,7,8,9,9,9,3.63,9,6,9,5,4.01,6,6,5,4,4.37,5.82,5,7,5,5,4,5
3.1.4.55,5.07,2,2,2,2,2,2,2,4,2,2,2,2,2,2,4,2,2,2,2,2,2,2,5.02,2,3,2,2,5,2,2,2,2,2
3.1.5.1,2,2,2.96,2,3,2.15,3,2,2,2.03,2,2,2,2,3,2,3,2,3,2,2,2,3,2,2,3,3,2,2,2,2,2,2,2
3.1.6.13,2,2,2,2,2,2,2,2,2,2,2,2,2,2,2,2.01,2,2,2,2,2,2,2,2,2,3,2,2,2,2,2,2,2,2
3.1.6.14,2,2,2,2,2,2,2,2,2,2,2,2,2,2,2,2,2,2,2,2,2,2,2,2,2,2,2,2,2,2,2,2,2,2
1.12.98.1,2,1,1.96,2,2,1.85,2,1,1.84,2,2,1.96,1.91,2,2,2,2,1,1,2,2,1.74,2,2,2,1,1.95,1.98,2,2,2,1.79,2,2
1.12.98.2,1,1,1,1,2,1.98,2,1,1.81,1.95,1,1,1,1.82,2,1,2,1.59,1,1,1,1,2,1,2,1,1,1,1,2,1.91,1,1,1
3.2.1.1,3,3,3,4,3,4,4,3,3.61,4,3,3.54,4,4,3,3.01,3,3,3,4,4,4,3,4,3,4,3.71,4,3,3,3,4,3,3
3.2.1.106,2,2,2,2,2,2,2,2,2,2,2,2,2,2,2,2,2,2,2,2,2,2,2,2,2,2,2,2,2,2,2,2,2,2
3.2.1.113,2,2,2.88,2,2,2,2,2,2,2,2,2,2,2,2,2,2,2,2,2,2,1.99,2,2,2,2,2,2,2,2,2,1.85,2,1.99
3.2.1.132,2,2,2,2,2,2,3,2,2,2,2,2,2,2,2,2,3,2,2,2,2,2,2,2,2,3,2,2,2,2,2,2,2,2
3.2.1.133,1,1,1.82,1,1,1,1,1,1,1,1.95,1,1,1,1,1,1,1,1,1,1,1,1,1,1,1,1,1.89,1,1,1,1,1,1
3.2.1.14,2,2,3,3,3,2,4,2,2,2,3,2,2,3,3,2.62,3,2,3,2,3,2,3,2,2,3,2,3,2,2.55,2.77,2,2,2
3.2.1.141,3,3,3,4,4,3.41,6,4,3,4,3,3.98,3.55,4,4,3,4.23,4,5,4,4,5,5,4,4,5,6,5,4,5,3,4,5,4
3.2.1.165,2,2,2,3,3,4,5,2,2,3,3,2,2,2.72,3,2,4,3,5,2,3,2,2.99,2,2,3,2,3,3,2,3,3,2,3
3.2.1.18,3,6,6,5,5,7,5,4,4,5,5,7,7,5,4,4,5,4,7,4,5,4.96,5,4,6,7,4,7,4,5,5,4,5,4
1.10.3.1,1.62,1,1,2,1,1,1.99,2,1,1.93,1,1.78,1.88,1.99,1,2,1,1.96,2,1.9,1,1,2,1,1.81,2,1.95,1,1,1.74,1.74,1,1,1
3.2.1.2,2,2,2,2,2,2,2,1,2,2,2,2,2,2,2,2,2,2,2,2,2,2,2,2,2,2,2,2,2,2,2,2,2,2
3.2.1.20,2,2,2,2,3,2,2,2,2,2,2,2,2,2,2,2,2,2,2,2,2,2,3,2,2,3,2,2,2,3,2,2,2,2
3.2.1.21,2.07,3,3,6,8,3,4,5.99,3,6,7,3,3,5,8,3,3,5,4,5,7,3.13,6.86,4,5,5,7.57,5,3,5,5,3,4,4
3.2.1.22,4,5.03,5,6,6,5,7,6,5,6,6.01,6,6,7,5,6,6,6,6,6,8,5,7,5,5,8,6,6,5,5,5,5,5,5
3.2.1.23,7,9,9,9,9,9,9,8,8,9,8,9,9,9,8,9,8,7,9,9,10,8,8,9,8,10,8,8,8,8,8,7,8,7
3.2.1.26,2.03,3,3,4,3,3.22,4,3,3,4,4,3,3,4,3,3,4,3.12,4,3,5,2.91,4,3,3,5,3,4,3,3,3,3,3,3
3.2.1.28,4,5,7,5,6,6,5,4,6,5,7,4.98,6,4,4,5,4,4,5,4,7,3,4,4,3,4.25,3,4,3,4,3,3,2.01,2.52
3.2.1.3,2,2.98,3,2.32,2,3,2,2,2,2,3,2,2,2,2,2,2,2,2,2,2.37,3,2,2,2,2,2,2.53,2,2.01,2,4.05,4,6
3.2.1.31,1,1.97,1,1,1,1,1,2,1.9,1.92,1,1.78,1.9,1.8,1,1.91,1,2,1.75,1,1,1.68,1,1,1,1,1.9,1.8,1,1,1,1,1,1
3.2.1.35,1.97,1,1.82,2,2,2,2,2,2,2,1.91,2,1.98,2,1,2,2,2,2,1.84,2,1,2,1.95,1,2,2,2,1.78,2,1.98,1.78,2,1.9
3.2.1.37,2,2,2,2,2,2,2,2,2,2,2,2,2,2,2,2,2,2,2,2,2,2,2,2,2,2,2,2,2,2,2,2,2,2
3.2.1.39,2,2,2,2,2,2,4,2,2,2,2,2,2,2,2,2,3.99,2,2,2,2,2,2,2,2,3,2,3,2,2,2,2,2,2
3.2.1.4,7,8,8,7,6,8,5,6,7,7,8,7.54,8,7,5.64,7,4,6,6,7,7,9,8,8,8,8,7,9,9,9,8,9,8,7
3.2.1.45,8,9,9,9,9,9,8,7,9,10,9,8,9,9,7,9,8,6,9,9,9,9,7,9,8,6,8,10,9,9,8,9,8,9
1.13.11.1,2,2,2,2,2,2,2,2.98,2,2,2,2,2,2,2,2,2,2,2,2,2,2,2,2,4,3,3,2,2,2.36,2,2,2,2
3.2.1.46,2,2,2,2,2,2,2,2,2,3,2,2,2,2,2,2,2,2,2,2,2,2,2,2,2,2,2,2,2,2,2,2,2,2
3.2.1.50,2,2.01,3,3,3,4,5,3,2,3,3,3,3,2.59,3,3,4,2.42,3,4,3,3,3,3,8,3.73,5,4,2,4,6,3,3,2.01
3.2.1.51,6,6,7,8,8,6,7,6,8,7,7,5.33,6,8,7,8,6,6,8,8,8,7,8,7,7,8,7,8,5,7,6,7,7,6
3.2.1.52,4.07,5,5,5,5,4,7,5,5,7,4,5,5,6,5,5,7,5,6,6,5,4,5,6,5,7,4,4.92,4,4,6,4,6,5
3.2.1.55,2.06,5,4,4,4,4,6,3,3,3,4,4,4,4,3,4,4,3,4,3,3,3,4,3,4,5,3,3,3,3,4,3,3.01,4
1.13.11.11,3,2.99,5,3,4,4,3,3,4,3,3,3,3,3,4,5,3,3,3,3,3,3,7,3,4,5,3,5,2,4,3,3,3,3
3.2.1.78,2,2,2,3,2.02,2,3,3,2,2,2.85,2.22,2,3,2,2,3,3,2,2,3,2,3,2,2,3,2,2,2,3,2,2,2,2
3.2.1.85,2,2,2,2,2,2,2,2,2,2,2,2,2,2,2,2,2,2,2,2,2,2,2,2,2,2.98,2,2,2,2,2,2,2,2
3.2.1.93,2,2,2.19,3,2.91,2,3,2,2,3,2,2.69,2.01,3,2,3,2,2.05,3,2,3,2,3,3,2,4,2,3,2,3,2,2,2,2
3.2.1.96,3,3,3,4,4,3,4,3,3,3,3,3,3,3.71,3,4,4,3,4.02,3,3,3,6,3,7,4,6,4,2,5,4,2,2.01,3
1.11.1.15,4.07,5,5,7,6,5,10,6,5.47,7,6,5.54,6,7,5,6,10,7,5,6.43,7,4.17,7,6,6,8,6,7,6,7,7,5,5,5
1.13.11.15,2,2,2,2,2,2,2,2,2,2,2,2,2,2,2,2,2,2,2,2,2,2,2,2,2,2,2,2,2,2,2,2,2,2
1.13.11.16,2,2,2,2,3,2,2,2,2,2,2,2,2,2,2,2,2,2,2,2,2,2,2,2,2,3,2,2,2,2.05,2,2,3,2
3.2.2.26,2,2,3,3,3,2,3,2,2,3,2,2,2,3,3,2,3,3,2.02,3,3,4,3.78,3,4,3,4,7,2,4,3,3,4,4
3.2.2.4,3,3,2,3.08,3,3,3,3,6.57,5,3,4,5,3,3,3,2,3,3,3,3,3,3,3.03,2,3,2.03,3,3,5,2,3,3,3
3.2.2.5,3,3.14,5,4,3,5,3,3,4,3,3.99,2.93,3,3.76,2.78,4,2,3,6,3,3,3,2,3,2,2,2,3,2,3,3,3,2,2
3.2.2.8,1,1,2,2,1.99,2,1.89,1,1,1.91,1,2,2,2,2,2,1,2,2,1,2,1.77,2,1,2,2,2,1.99,1.95,2,2,1.83,1.96,1
3.2.2.9,4.07,5,7,5.01,6.97,4,4,4,6,5,5,4.32,5,5,6.06,5,3.41,4,4,4,6,4,5,5,4,5,4,6,5,5,4,4,5,5
3.3.1.1,5.03,7,6,7,4.99,6,6.05,4,6.64,6,5,6.54,7,7,4,7,5.85,4,6,5,5,5,4,4,4,5,4,4,3,3.01,5,4,4,5
3.3.2.6,2,2,2,2,2,4,2,2,2,2,2,2,2,2,2,2,2,2,3,2,2,2,2,2,2,2,2,2,2,2,2,2,2,2
3.4.11.1,4.07,5.41,6,6,6,6,8,6,5.99,6,6.62,6,6,6.09,6,6,8,5,7,6,6,4,6,6,6,7,6,7,6,7,6,5,6,6
1.13.11.2,2,2,2,2,2,2,2,2,2,2,2,2,2,2,2,2,2,2,2,2,2,2,2,2,2,2,2,2,2,2,2,2,2,2
3.4.11.2,3.01,3.16,4,5,5,5,4.07,5,4,9,5,4,4,5,4,4,4,5,4,5,5,3,4,4,4,5,4,5,3.06,4,4,3,5,4.6
3.4.11.23,1,1,1,1,1,1.88,2,1,1,1,1.91,1,1,1.78,1,1.95,2,1.97,1,1.99,1.95,1.68,1.73,1,1.98,2,1.59,1,1,1.94,1,1,1,1.84
1.13.11.20,2,3,2,3,6,3,3.01,4,2.01,4,5,3,3,3,4,2.32,3,3.01,2,3,5,3,3,3,3,3,3,4,3,4,2.21,4,4,4
3.4.11.5,5,6,7,7,8,5,5.36,8,6,7,6,6,7,6,8,6,5,7,5,7,6.94,6,10,5,6,7,6,5.12,5,6,6,6,6,6
3.4.16.4,4.07,6,7,7,7,5,9,6,6,7,6,6,6,7,6,7,7,5,6,6,7,5,7,6,7,8,7,7,6,7,7,5,6.82,6
3.4.17.14,2,2,2,2,2,2,2,2,2,2,2,2.68,3,2,2,2,2,2,2,2,2.89,2,2,2,2,2,2,3,2,2,2,2,2.75,3
1.13.11.3,2,2,2,3,3,2,3,2,2.06,3,2,2.35,2.03,3,3,3,2.78,2,2,2,2,2,3,2.06,2,3,3,3,2,3,2,2,2,2
1.13.11.5,2,2,2.91,3,2,2,3,3,2.59,2,2,2,2,3,2,2,3,2,3,2,2.02,2,3,3,3,3,2,2,2,2,2,2,2.76,2.91
1.13.11.54,1.59,2,2,2,2,2,2,2,2,2,2,2,2,2,2,2,2,2,2,2,2,2,2,2,2,2,2,2,2,2,2,2,2,2
1.13.11.55,1.94,1,1.95,1.99,1,1,1.88,2,1.9,2,1,2,2,2,1,2,1,2,1.74,2,1.81,1.93,2,2,1,1,2,1.98,1.83,1,1,1.84,1,1
1.13.11.57,1,1,1.99,2,2,1,2,1,2,1,1.89,1.69,1.78,2,1.87,1,2,1.81,2,1,1.83,1,2,1.87,1,2,1.83,1,1,1.88,2,1,1,1
3.4.24.84,2,3,3,3,5,5,6,3,2.98,3,3.99,3,3.22,3.24,5,3,5,3,4,3,4,3,5,3,3,4.91,3,4,2,4.94,3,2.18,4,3
1.13.11.6,2,1,2,2,2,2,2,2,2,2,2,2,2,2,2,2,2,2,2,2,2,2,2,2,2,2,2,2,1.96,2,2,2,2,1.85
1.13.11.60,1,2,1,2,1,1,1,1,2,2,1.87,1.76,2,1.99,1,2,2,1.59,2,1.91,1.98,1,2,1.86,1,2,1.81,1,1,1.98,1,1.88,1,1.87
1.13.11.63,2,2,2,2,2,2,2,2,2,2,2,2,2,2,2,2,2,2,2,2,2,2,2,2,2,2.97,2,2,2,2,2,2,2,2
3.5.1.1,1.99,2,1.97,2,2,2,2,2,1,1,1.97,2,2,2,1.86,2,2,2,2,1.99,2,1,2,2,1.99,2,2,2,1,1,1,1,2,1.86
3.5.1.10,2,2,2,3,2,2,3,2,2,3,2,2,2,2.87,3,2,3,2,2,3,2,2,2.88,2,2,3,3,2,2,2,3,2,2,2
3.5.1.102,3,4,4.94,4,5,4.25,5,4,5,5,4,4,4,4,6,5,4,3.44,5,5,4,2,4,3,3,4,3,3,2,3,3,2,2,2.01
3.5.1.108,2.07,2,3,3,3,3,3,3,3,3,2,2.99,2.97,3,3,4,3,5,3,3,2,2,3,3,2.74,4,3,3,2,2,3,2,2,2
3.5.1.11,1.97,2,2,2,2,1.97,2,1,1,2,2,2,2,1.99,2,2,1.87,2,2,2,2,1.75,2,1.99,2,2,2,2,1.96,2,1.99,1.79,1.91,1
3.5.1.110,3,4,3,3,3,4,3,2,4,3,4,4.07,4,3,3,6,4,2,5,3,4,5,2,4.15,4,3,2,2,2,2,4,4,4,4
3.5.1.118,2,5,6,2.03,6,2.44,3,7,3,3,2,4.98,5,2,6,3,2,7,2,2,2,2,5,3,2,3,2,2,6,7,2,2,2,2
3.5.1.125,2,2,2,2,2,2,2,3,2,2,2,2,2,2,2.97,2,2,3.96,2,2,2,2,2,2,2,2,2,2,2,2,2,2,2,2
3.5.1.16,3,3.35,4.02,4,4,3,5,3,3,4,3,3,4,4,4,4,3,3,3,4,3,3,5,4,4,4,4,4,4,5,5,3,3,3
3.5.1.18,4.03,4,4,3.9,4,3,4,3,4,4,3,4,4,4,3,4,3,3,5,3,3,5,4,4,3.02,4,4.65,4,3,5,4,5,3,3
3.5.1.2,4,4,5,5,4,3,4,3,6,4,4,5,5,4.1,3,6,5,3,4,4,4,3,4,3,3,5,3.08,3,3,2.74,3,3,4,3.57
3.5.1.23,6,3,2,2,3,4,3,3,5,3,4,3,3,2.73,3.72,7,2,4,3,3,3.62,7,4,6,3,4,4,8,3,6,4,5,5,5
3.5.1.25,3,6,5,5,5.49,5,7,5,4,6,5,5,5,5,5,5,6,4,5,4,4,4,5,4,4,6,4,4,4,6,5,4,5,3
3.5.1.4,1.99,1.99,2,2,2,2,2,2,2,2,2,2,2,2,2,2,2,2,2,2,2,2,2,2,2,2,2,2,2,2,2,2,2,2
3.5.1.47,2,2,2,2,2,2,2.06,2,2,2,2,2,2,2,2,2,2,2,2,2,2,2,2,2,2,2.98,2,2,3,3,2,2,2,2
3.5.1.49,1.94,1.99,2,2,2,2,2,2,2,2,2,2,2,2,2,2,2,2,2,2,2,2,2,2,2,2,2,2,1.96,1.96,2,1.99,2,2
3.5.1.5,6,5,5,6,8,4,5,9.1,6,6,4,5,5,5,8,6,4,8,5,5,4,5,8,7,5.03,6,6,7,7,9,5,5,8,6
1.13.11.74,1,1,1,1.87,1,1,1,1,1,1,2,1,1.63,1,1,1,1,1.84,1,1,1,1,2,1,1,1,1,1,1,1.65,1.77,1,1,1
3.5.1.53,2,3,2,3,3,2,4,4,2,2,3,3,3,4,3,2,3,3,2.01,2,3,2,3,2,2,2,2,2,2,2,2,2,2,2
3.5.1.54,2,2,2,2,3,2,3,2,2,4,2.86,2,2,2.99,3,2,2.75,2,2,3,3,2,3.98,2,2,2.87,2,3,2,4,2,2,2,2
3.5.1.9,2,3,3,3,5,3,4,6,3,4,3,3,3,4,5,3,3,7,3.89,4,3,3,4,3,3,5,3,4,3,3,3,3,2.53,2
1.13.11.79,2,2,2,2,3,2,2.86,7,2,3,2,2,2,2,3,2,2,10,2,2,2,4,3,2,2,3,2,3,2,3,2,4,2,2
3.5.1.96,2,2,2,2,2,2,3,2,2,2,3,2,2,2,2,2,2,2,2,2,2,2,3,2,2,3,2,2,2,2,2,2,2,2
1.13.11.8,2.95,1.96,2,2,2,2,2,2,3,3,2,2,2,2,2,2,2,2,2,2,2,2,2,2.97,3,2,2,2,2,2,3,2,2,2
3.5.2.17,2,2,3.86,3,3,4,4,2,4,4,3,2,2,4,2,3,3,2,3,4,2,2,2.35,4,2,2.14,2,3,3,2,3,3,2,2
3.5.2.3,5,8.1,7,8,9,9,8.17,5,5,8,9,8,8,7.27,7,6,7,5,7,6,8,6,6,5,5.99,7,8,6,4.01,6,5.04,7,5,5
3.5.2.5,2,8,3.58,3,6,5,6,4,4,6,3,7,6,3,3,4,5,3,3,5,3,2.07,3,2,5,4,4,3,2,2,3,2,3,2
3.5.2.6,5,3,3,3,4,3,4,2,5,3,3,2.47,3,3,4,6,4,2,3,3,3,7,3,6,5,4,5,9,7,7,3,5.98,5,4
3.5.2.7,5.07,6.76,8,9,9,8,8,7,7,8,7,7,8,9,9,8,8,7,8,9,7,6,7,4.99,8,6,7,7.91,6,7,8,7.98,5.89,7
3.5.3.1,3,2.68,2,3,2,2,2.98,5,3,2.9,3,3,3,3,2,4,2,6,2,2.94,4,2,2.92,2,2,3,3,3,2,2,3,2,3,3
3.5.3.11,4.02,2.02,4,3,3,3,3,3,4,3,3,3,3,3,2,4,2.81,3,4,3,3,2,4,4,3,4,3,3,3,3,3,2,2,2.05
3.5.3.12,3.07,4,4,4,4,4.17,8,3,5,4,5,4.05,5,4,3.34,4,6,3,4,4,4,7,4.12,7.02,5,5,4,5,4,4,5,8,5,5
3.5.3.23,2,3,2,4,3,3,3,8,3,3,3,3,3.68,3,4,3,3,8,2,3,3,2,3,2,2,3,2,3,2,2,2.1,2,2,2
3.5.3.26,4.07,2,3,4,3,2,3,3,5,3,3,2,2,4,3,6,3,3,2,4,3,2,3,2,2,3,3,2,2,2,2,2,2,2
3.5.3.4,2.01,3,4,3,3,5,4,3,5,3.13,4,3,3,2.04,3,3,3,2,4,3,3,3,2,3,2.95,3,3,3,2,3,2,3,3,2
3.5.3.6,2,4,3,3.97,3,3,4,3,3,3,4,4,4,3.89,3,4,3,3,4,3,4,3.43,4,4,3,4.42,3,3.49,4,3,3,4,3,3
3.5.3.8,2,2,3,3,2.01,2,3,2,3,3,3,2.4,2,3,2,2.71,2.65,2.52,2.48,2,4,2,3,2,3,4,2,3,2,2,3,2,3,3
3.5.3.9,2,2,2,2,2,2,2,2,2,2,2,2,2,2,2,2,2,2,2,2,2,1.99,2,2,2,2,2,2,2,2,2,1.94,2,2
3.5.4.10,2,2,2,2,2,2,2,2,2,2,2,2,2,3,2,2,2,2,3,2,2,2,2,2,2,3,2,2,2,2,2,2,2,2
3.5.4.12,2,2,3,3,2.13,2,3,3,3,3,2,3,3,3,2,3,2,3,3,3,3,2,3.77,2,2,4,3,3,2,2,2,3.01,2.79,2.04
3.5.4.13,2,2,2,2,3,2,3,2,3,3,3,2,2,2.9,2,2,2,2,2,2,2,3,2.34,2,2,3,2,2,2,2,2,4,2,2
3.5.4.16,3,3,4,4,4,3,5,4,3,3,4,3,3,5,3,4,4,3,3.84,3,4,3,4,3,4,4.98,3,4,3,3,5,3,3,4
3.5.4.19,3,2,4,8,5,2.03,4,3,5,5,3,2,2,4,3,8,3,3,2.94,5,2.93,2,2,3,3,3,3,2,3,2,3,2,2,2
3.5.4.2,7,6,8,9,7,8,7,6,7,6,7,7,8,8,8,8,6,5.41,8.01,7,7,6,6,7,5,7,5,5,6,6,5,7,5,6
3.5.4.25,2,3,4,3.14,4,3,4,3,3,4,2,3,3,3,3,3,3,3,4,3,2.19,3,4,4,3,4,5,3,2.99,2.67,3,3,2,2
3.5.4.27,2,2,2,2,2,2,2,2,2,2,2,2,2,2,2,2,2,2,2,2,2,2,2,2,2,2,2,2,2,2,2,2,2,2
3.5.4.29,1,1,1,1.89,1,1,2,1,1,1,1,1,1,2,2,1,1,1.81,1,1,1,1,2,1,1,2,1,1,1,1,1,1,1,1
3.5.4.3,3.07,4,4,4,4,3,4,3,3.25,3.76,5,4,4,3.88,5,3,3,3,3,3,4,7,6,8,3,6,6,6,5,7,3,7,6.67,7
3.5.4.4,2,2,2,2.92,2,2,3,2,2,2,2,2,2,2,2,2,2,2,2,2,2,2,2,2,2,3,2.08,2,2,2,2,2,2,2
3.5.4.44,4,3,2,2,2,2,2,2,5,2,2,3,3,2,2,4,2,2,2,2,2,2,2,4,2,2.8,2,2,3,2,2,2,2,2
3.5.4.5,2,4,2.86,3,3,3,3,2.02,2,3,2,3.02,3,3,2,3,3,3,3,2.08,3,4,3,2.01,4,4,3,3,3,3,3,4,2,2
3.5.4.6,1.96,2,2,2,2,1.98,1.99,2,2,1,2,2,2,2,2,2,2,2,1.99,2,2,1.98,2,2,2,2,2,2,1,1.99,2,1,1,1.84
3.5.99.2,2,2,2,2,2,3,3,3,2,3,2,2,2,2.07,2,2.01,2,3,3.89,4,2,2,2,2,2,3,2,2,2,2,2,2,2,2
3.5.99.6,3,4,3,5,5,4,4,6,4,4,4,5,5,5,4,4,3,7,5,4,5,3,5,4,3,5,5,4,3,4.98,4,3,5,5
3.5.99.7,2,2,2,2,2,2,2,2,2,2,2,2,2,2,2,2,2,2,2,2,2,2,2,2,2,2,2,2,2,2.01,2,2,2,2
3.6.1.1,5,5,5,6,5,5,7,5,5,5,5,6,6,6,4,6,6,5,5.14,4.97,5,4,6,5,5,8,6,5,4.15,6,5,4,5,5
3.6.1.12,2,3,3,3,2.99,3,3,2,2.02,3,3,3,3,3,2,3,3,2,5,4,3,3,3,2.5,3,3,3,4,3.98,3,2.32,2,2.02,3
3.6.1.15,2,2,2,2,2,2,2,2,2,2,2,2,2,2,2,2,2,2,2,2,2,2,2,2,2,2,2,2,2,2,2,2,2,2
3.6.1.17,2,2,2,2,2,2,2,2,2,2,2,2,2,2,2,2,2,2,2,2,2,2,2,2,2,2,2,2,2,2,2,2,2,2
3.6.1.22,2,2,3.98,2.25,2.9,2,3,2,2,2,2,2,2,2.16,2,2,2.04,2.13,2.88,2,2,3,3,2.08,2,3,2,2.09,3,2,2,4,2,2
3.6.1.23,2.53,3,3,3,2.88,2,3,3,3.87,3,3,3,3,3,2,3,3,3,3,3,3,2,3,3,2,3.86,3,2.26,2,2,3,2,2,2
3.6.1.26,2,2,3,2.02,2,2,3,2,2,2,3,2,2,3,2,2,3,2.27,2.85,2,2.95,3,3,3,3,3,2.01,4,2,3,3,2,2,2.16
3.6.1.27,4.07,6,4,7,8,5,5,6,4,6,8,5.54,6,7,8,5,4,7,5,5.72,9,4,9,5,5,7,6,4.02,5,5,5,4,6,5
3.6.1.29,1,1,1.89,1.87,1,1,1,1,1.82,1,1,1,1,1.77,1,1.82,1,2,1.77,1.9,1.97,1.93,1.7,2,1,1,1,1,1,1,1,1,1,1
3.6.1.3,2,2,2,4.05,3,3,4,3,2,2,3,3,3,4,2,3,3,3,3,3,3,2,3,2,2,4,2,2,2,2,2,2,2,2
3.6.1.31,2.97,2,2,2,2,2,3,2,2,2,6,2,2,2,2,2,2,2,2,2,6,2,2,2,2,3,2,3,2,2,2,2,8,5
3.6.1.40,5.52,7,5.56,7,6,5,9,7.09,7,7,6,6.54,7,7,6,6,8,7,5,6,6,5.18,8,7,6,10,9,8,7,8,6,5.37,7,6
3.6.1.41,3,2.91,2.01,3,3,3,3,4.96,3,3,2.24,3,3,3,3,3,2,3.21,2,3,2,2,5,3,2,3,2,3,3,3,2,2,2,2
3.6.1.54,3,3,4,3,4,3,3.74,4,3,3.01,4,3,3,3,4,3,3,4,3,3,5,4,4.26,4,3,4,4,4,3,6,3,4,5,4
3.6.1.6,1,1,1.82,2,1,1.87,1,1,1,1,2,1,1.64,1,2,1,1.96,1.95,1,1.93,1.86,1,2,1,1.81,2,1.75,1.76,1,1,1,1,1,1
3.6.1.63,9,9,9,9,9,8,3.31,10,10,8,7,9,9,9,9,9,3.46,9,7,9,7,8,10,9,7.12,9,7,5,8,10,7,8,8,8
3.6.1.66,3,5,8,8.01,6,5,6,4,6,3.98,4,5.36,5,6,4,7.97,5,4,6,5,4,3,4.96,3,4,5,4,3,3,5,4,3,3,3
3.6.1.67,2,2.99,2,2,5,2,4,3,2,4,2,2,2,2,4,2.92,3,2,3,2,2,3,2,3,4,3,7,5,5,4,4,3,3,3
3.6.1.7,2,3,3,3,4,3,4,3,3,3,3,3,3,3,3,3,3,3,3,3,4,4,3,3,3,4,4,4,2,4,3,3,2.51,2
3.6.1.9,1,1,1,1,1,1,1,1,1.97,1,1,1,1,1,1,1,1,1,1,1,1,1,1.89,1,1,1,1,1,1,1,1,1,1,1
3.6.3.14,4.24,6,7,8,9,6,8,6.03,7,9,8,6,6,8,8,7,6,7,7,7,9,4.87,7,6,5,8.99,6,6,4.95,6,6,4,5,5
1.13.12.16,4.07,4.88,5,6,5.03,6,7,4.8,5,9,4,5,5,6,5,6,6,5,5.99,9,4,4,6,6,8,7,7,5,4,5,5,4.02,4.13,4
3.6.3.25,2,3,3,4,3.05,3,5,3,3,3,3,4,3,4,2.01,3,4,4,4,3,3,2,4,3,2,5,3,3,2.89,2.94,3,2,3,2
3.6.3.36,2,2,2,2,2,2,2,2,2,2,2,2,2,2,2,2,2,2,2,2,2,2,2,2,2,2,2,3,2,2,2,2,2,2
3.6.3.6,2,2,2,3,2.01,2,3,2,2,3,2,2,2,3,2,2,3,3,3,3,2,2,3,2,2.42,4,3,3,2.37,2,2.85,2,2,2
3.7.1.12,6.07,8,8,7,3,9,3,4,8,6,8,8,8,7,3,8,3,2.04,7,7,8,8,3,9,6,6,6,4,9,4,7,8,8,6
3.7.1.14,2,2,2,2,2,2,2,1,2,2,2,2,2,2,1.97,2,1.88,2,2,2,2,1.99,2,2,1.97,2,2,2,2,2,2,1.86,2,1.98
3.7.1.2,3,3,3,3,4,3,3.28,3,3,4,3,3,3,3.81,4,3,3,3,3,3,3,5,4,5,3,5,5,6,6,7,3,6,5,5
3.7.1.21,1,1.92,1.82,2,2,1.99,2,1,1,1,2,2,2,1.82,1.83,1.88,2,1.92,2,1,1.98,1,2,1,2,2,2,1,1,1.88,1.99,1,1,1.88
3.7.1.22,3,3,4,3,3,4,4,4,4,3,3,3,3,3,3,3.05,3,3,4,3,3,2,3.98,3,3,4.12,3,3,2,3,3,2,2,2
3.7.1.3,3,3,3,4,3,3,4,4,3,4,5,3,3,4,3,4,3,3.23,3,3,6,4,3,4,5,5,5,6.02,4,5,4,3,5,5
3.7.1.8,1,1,1,2,1.95,1.86,1.97,1,1,1,1,1,1,1.99,1,1,1,1.55,1.91,1.91,1.81,1,2,1,1,1,1,1.91,1,1,1,1,1,1
3.8.1.2,3,5,6,3,4,2,3,2.6,3,3,3,4.1,4,3,3,3,3,3,3,3,3,2.02,3,5,3,4,3,4,5,2.01,2.13,2,2,2
3.8.1.5,2,2,2,2,2,2,2,2,2,2,2,2,2,2,2,2,2,2,2,2,2,2,2,2,2,2,2,2,2,2,2,2,2,2
1.13.12.3,1,2,2,2,2,1,1,2,1.84,1,2,2,1.93,2,2,1,1.93,2,1.69,1,2,1.64,2,1,1.97,2,1.99,1.99,1,1,2,1.88,2,2
4.1.1.11,2.07,2,4,3,2,2,3,2.12,3,3,3,2,3,3,2,3,3,2,2,2.99,3,7,3,5,4,4,3,4,2,4,4,3,3,2
1.13.12.4,2,2,2,2,2,2,2,2,2,2,2,2,2,2,2,2,2,2,2,2,2,2,2,2,2,2.01,2,2,2,2,2,2,2,2
4.1.1.15,9,10,9,9,6,9,4.02,6,9,8,9,9,9,8,5,9,3,5,7,8,9,10,7,10,8,9,9,6.01,10,7,9,10,9,8
4.1.1.17,2,2,2,2,2,2,3,2,2,2,2,2,2,2,2,2,3,2,2,2,2,2,2,2,2,3,4,2,2,2,2,2,2,2
4.1.1.19,2,2.41,5.05,4,4,2.01,3,3,2,3,3,3,3,4,4,3,3,3,3,3,3,2,3,2,2,4,3,3,2,2,2,2,3,2
4.1.1.2,2,2,2,2,2,2.99,2.74,2,2,2,3,2,2,2,2,2,2,2,2.03,2,2,2,2,2,2,2,2,2,2,2,2,2,2,2
4.1.1.20,4.09,6,7,6.29,6,5,7,5.29,5,6,7,6,6.08,6,5,6,5,5,6,5.82,5,5,9,6,7,7,6.97,6,4,5,6,5,7,6
4.1.1.21,1.56,1,1.88,2,2,1.98,1.84,1,1.87,2,2,1.98,1.7,1.98,1.99,2,1,1.95,2,1.89,2,1,1.98,1.96,1.94,2,1.85,2,1,1.99,1.99,1,2,1.89
4.1.1.22,1.85,2,2,2,2,2,2,1,2,2,2,2,2,2,2,2,2,2,2,2,2,1.99,2,2,1.99,2,2,1.95,1,1.98,1.99,1,1.91,1
4.1.1.23,3,4,5,6,7,4,5,4,3.04,5,6,4,4,7,6,4,4,5,5,6,6,6,6,3.44,6,6,5,5,3,4,3,4,3,3
4.1.1.3,7.07,3.12,5,5,5,9,5.91,4,6,7,5,4,4,6.87,4,7,4,5,9.13,9,5,6,6,8,3,7,9,7.9,3,5,6,7,4,5
4.1.1.31,6.02,8.96,9,9,9,9,9,8,8,8,8,8,8,8,9,8,8,7,8,7.48,9,8,6,8,8,7,7,8,6,9,7,8,7,7
4.1.1.32,2,3.99,3,3,3,2,4,3,2,3,3,3.52,3.39,3,2.9,3,3,3,3,2.33,3,3,3,2.13,3,4,3,3,4,3,3,2,2,2
4.1.1.33,4,3,3,3,4,4,4,4,4,4,7,3.56,4,3,4,4,3.03,5,4,4,5,4,5,4,4,4,5,6,4,4,4.71,4,3.99,4
4.1.1.36,2,2,2,2,2,2,2,2,2,2,2,2,2,2,2,2,3,2,2,2,2,2,2,2,2,2,2,2,1.99,2,2,2,2,2
4.1.1.37,3,3,3,4,3.75,3,4,3,3.25,4,3,3.36,4,4,3,4,3,3,3.97,3.87,3,3,6,4,3,5,4,4,4,5.78,3,3,3,3
4.1.1.39,2,2,2.16,3.03,3,2,3,2,6,5,2,3,3,4,2,3,2,2,3,2,2,2,3,3,2,3,3,2,2,2.02,2,2,2,2
4.1.1.4,4,3.8,3,3,4,8,3,8,3,4,4,3,3,3,3.01,3.24,3,8,7,3,4,5,4.47,6,3,4,6,6,6,4,4,6,7,6
4.1.1.44,1.67,2,2,2,2,2,2,2,1.78,2,2,2,2,2,2,2,2,2,2,2,2,2,2,2,2,2,2,2,2,2,2,2,2,2
4.1.1.47,2,7,2,3.82,2,4,2,2,2,2,2,6,5.63,3,2,2,2,2,3,2,2,6,2,2,2,3,2,2,4,2,2,7,2,2
4.1.1.48,3.07,3,4,4,4,4,10,5,4,4,3,4,4,4,3,4,10,4,4,4,3.06,3,4,4,5,5,4,5,5,4,7,3,3,3
4.1.1.49,6,6,6,7,8,6,7,7,6.99,7,6,6,6.13,7,7,7,5,7,6,6,7,5,7,7,4,7,5,4,5,7,5,4.62,6,4
4.1.1.5,3,4,3,7,3,4,2,4,3,3,3,5,6,7,3,4,2,4,3,3,3,2,4,4,2,3,2,2,2,2,3,3,2,2
4.1.1.50,2,2,2,2,2,2,3,2,2,2,2,2.78,3,2,2,2,2,2,2,2,2,2,2.03,2,2,2.13,2,2,2,2,2,2,2,2
4.1.1.61,1,2,1.78,1.99,1.9,1,1.94,1,1.97,1.95,1,1,1,1.98,1,1.88,1,1.93,1,1.99,1,1.88,1.97,1.94,1,1,1.83,1,1.95,1,1.7,1.92,1,1
4.1.1.65,3,4,3.64,4,4,4,4,4,4,4,5,4,4,4,3,4,4,3.62,5,4,4,3,4,4,3,5,4,5,4,4,4,3.18,3,3
4.1.1.74,2,2,2,2,2,2,2,2,2,2,2,2,2,2,2,2,2,2,2,2,2,1.98,2,2,2,2,2,2,2,2,2,1.98,2,2
4.1.1.77,2,1.95,2,2,2,2,2,1,2,2,2,2,2,2,1,2,2,2,2,2,2,1.72,2,2,2,2,1.97,2,2,1.9,2,1.84,1,1
4.1.1.79,2,2,2,2,2,2,2,2,2,2,2,2,2,2,2,2,2,2,2,2,2,2,2,2,2,2,2,2,2,1.99,2,2,2,2
4.1.1.8,2,2,2,2,2,2,2,2,2,2,2,2,2,2,2,2,2,2,2,2,2,2,2,2,2,2,2,2,2,2,2,2,2,2
4.1.1.81,2.07,3.15,5,4,4,5,5,4,3,3,4,3.44,3,4,3,3,3,5,7,3,3,3,3,3,3,5,3,5,3,3,4,3,5,4
4.1.1.82,2,2,2,2,2,2,2,2,2,2,2,2,2,2,2,2,2,2,2,2,2,2,2,2,2,2,2,2,2,2,2,2,2,2
4.1.1.85,1.61,1,1.76,1,1,1,1.98,1,1,1.95,2,1,1,1,2,1.86,1,1,1.7,1,1.88,1.73,2,1.83,1.98,2,2,1.81,1,1.9,2,1,1,1.97
4.1.1.9,2,3,3.01,3,7,6,6,3,4.99,4,4,2.89,2,3,3,3,2,2.98,2,3,3,2,2.87,3,2,3,3,2,2,2,2,2,2,2
4.1.1.90,2,3,3,3,2,2,3,2,2,2,2,3,3,3,2,3,2,2.98,3,2,3,2,3,2,2.8,4,2,2,3,2.69,3,2,2,2
4.1.1.96,3,3,4,4.27,4,4,5,3,3,3,3,3,3,5,3,3.6,5,3,6,4,3,5,4,3,4,4,3,3,3,3,5,5,3,3
4.1.1.97,2,3,3,3,3,3,3,3,4,5,2.06,3,3,3,2,3,3,3,3,3,2.21,2,3,3,2,3,2,2,3,2,2,3,2.95,2
4.1.1.98,5.07,4,6,7,8,6,4,8,7,7,6,4,4,6,7,5,3,7,6,7,5,5,7,5,6,6,6,7,5,7,7.86,6,6,7
1.1.3.15,2,2,2,2,2,2,2,2,2,2,2,2,2,2,2,2,2,2,2,2,2,2,2,2,2,2,2,2,2,2,2,2,2,2
4.1.2.13,4.07,4,4,6,5,4,6,4,4,4,4,5,4,6,3,5,5,5,5,4,5,3,4,4,3,5,3.93,4,2.92,4,4,3,3,3
4.1.2.14,3,5,4,4.36,5,5,4.02,5,4,4,5,5,5,4.94,4,4.97,4,4,5,3,4.67,3,5,5,6,6,5,6.96,6,5,6,4,5,7
4.1.2.17,1,2,2,2,2,1.97,2,2,2,1.99,1.88,2,1.97,2,1.97,2,2,2,2,2,2,2,2,1.81,2,2,2,2,2,2,2,1,1.9,1.96
4.1.2.19,2,2,2,2,2,2,2,2,2,2,2,2,2,2,2,2,2,2,2,2,2,2,2,2,2,3,2,2,2,2,2,2,2,2
4.1.2.20,1.89,2,2,2,2,2,2,1,2,2,2,2,2,2,1.95,2,2,2,2,2,2,1.92,2,2,2,2,2,2,1.98,2,2,2,2,2
4.1.2.25,2,2,2.98,3,3,3,3,2.16,2,3,2,3,3,3,3,3,3,3,2.91,3,2,2,3,2.24,2,4,2,2,2,3,3,2,2,2
4.1.2.4,4,6,3.95,5,5,4,4.84,5,5,5,4,6.74,6,5,4,4.03,4,5,4,4.54,4.06,4,7,6,4,6,5,4,4,7,4,3,5.22,5
4.1.2.40,2,2,2,2,2,2,2,2,2,2,2,2,2,2,2,2,2,2,2,2,2,2,2,2,2,3,2,2,2,2,2,2,2,2
4.1.2.43,1.83,1,1,1,1.85,1,1,1,1,1.94,1,2,1.92,1.96,1,1.85,1,2,1,1,1,1,1,1,1,2,1,1,1.79,1,1,1,1,1
4.1.2.44,2,2,2,2,2,2,2,2.33,2,2,2,2,2,2,2,2,2,2,2,2,2,2,2,2,2,2,2,2,2,2,2,2,2,2
4.1.2.48,2,2,2,2.29,2,2,2,2,2,2,2,2,2,2,2,2,2,2,2,2,2,2,2,2,2,2.82,2,2,2,2,2,2,2,2
4.1.2.52,2,2,2,2,2,2,2,2,2,2,2,2,2,2,2,2,2,2,2,2,2,2,2,2,2,2.1,2,2,2,2,2,2,2,2
4.1.2.53,1,2,1.99,2,2,2,2,1,1.8,1.98,1.88,2,2,2,2,2,2,2,1.63,1,2,2,2,1.97,1.95,2,2,2,2,1.97,2,1,2,1.84
4.1.3.1,2,4,5.29,3,7,4,4,2,2.14,4,3,3,2.05,3,3,2,2,2,2,2,2,2,2.97,2,2,3,2,2,2,3.99,2,2,2,2
4.1.3.17,2,2,2,2,2,2,2,2,2,2,2.78,2,2,2,2,2,2,2,2,2,2,2,2,2,2,2,2,2,2,2,2,2,3,2
4.1.3.27,4.07,6.59,6.61,7,6.25,6.96,7,6,5,6,6,7,7,8,6,6,6,6,8,7,6,5,8,6,5,8,6,7,6,6,5.95,5,6,5.46
4.1.3.3,2,2,2,2,2,2,2,2,2,2,2,2,2,2,2,2,2,2,2,2,2,2,2,2,2,3,2.06,2,2,2,2,2,2,2
4.1.3.30,2,2,2,2,3,2,2,2,3,2,3,2,2,2,2,5,2,2,2,2,2.85,3,5,3,7,3,6,4,2,5,3,3,2,3
4.1.3.34,2,2,2,2,2,2,2,2,2,2,2,2,2,2,2,2,2,2,2,2,2,2,2.92,2,3,3,2,3,2,3,3,2,3.84,5
4.1.3.36,2,2,2,2,2,3,3,2,2,2,2,2,2,3,2,2.99,2,2,3,2,2,4,3,2,2,3,2,4,2,3.45,2,4,4,4
4.1.3.38,2,2,2.06,3,3,3,3,2,2.05,3,2,2.05,2.63,3,4,3,2,3,3,3,2,2,5,3,2,4,2,2,2,2.9,2,2,3,3
4.1.3.39,2,2,2,2,2,2,3,2,2,2,2,2,2,2,2,2,2,2,2,2,2,2,3,2,2,3,2,2,2,2,2,2,2,2
4.1.3.4,2,3,2,2,2,2,2,3,3,3,3,3,2,2,3,3,2,2,2,2,2,3,3,3,2,3,2,2,3,3,2,3.61,3,2
4.1.3.40,2,2,2,2.22,2,2,3,2,2,2,2,2,2,2,2,2,2,2,2.03,2,2,2,3,2,2,3,2,2.29,2,2,2,2,2,2
4.1.99.1,2,3,4,3,3,3,2,2,2,8,4,3,3,3,3,3,2,3,3,7,4,2,3,2,2,3,2,3,3,2,2,2,3,3
4.1.99.11,1,1,1,1,1,1,1,1,1,1,1,1,1,1,1,1,1,1,1,1,1.82,1,1,1,1,1,1,1,1,1,1,1,1,1
4.1.99.12,4.07,5,5,4,4,5,7,4,6,4,5,5,5,4,4,5,6,4,4,4,4,6,3,6,8,4,4,3,6,5,7.47,6,5,3
4.1.99.17,4,3,3,3.1,4,3,3,3,3,3.16,5,3,3,4,4,4,3,3,4,4,4,6,4.01,5.56,2.05,7,5,3,3,4,3,6,6,3.26
4.1.99.19,2,2,2,2,2,2,2,1,2,2,2,2,2,2,2,2,2,2,2,2,2,2,2,2,2,2,2,2,2,2,2,2,2,2
4.1.99.22,3.09,4,9,7,7,6,6,5,4.95,6,7,4,4,8,5,6,5,5,9,7,7,6,7,5,7,7,6,7,5,9,6,6,5,6
4.1.99.5,1,2,1.82,1.98,1.91,1.9,2,1,2,1.95,1.98,2,2,2,1.83,1.92,1.9,2,2,1.88,1,1,2,2,1.95,2,2,1.76,1,1.66,2,2,1,1
4.2.1.1,3,3.86,7,5,6,5,9,7,4,5,5,4,4,6,5,4,8,6,6.71,5,6,6,5,4,6,6,5,6,4,6,6,6,5,6
4.2.1.10,3,3,3,4,3,3,5,3,3,3,3,3,3,4,3,3.89,4,3,3,3,3,2,4,4,3,5,3,3,5,3,3,3,3,3
4.2.1.100,2,2,2,2,2,2,2,2,2,2,2,2,2,2,1.89,2,2,2,2,2,2,1.97,2,2,2,1,2,2,1.87,1.98,2,2,1.98,1.98
4.2.1.104,3,2,3.96,2,2,3,3,3,3,4,2.09,2.01,3,2,2,2.71,2,2,3,2,2,2,2,3,2.09,2,2,3,2,3,2,2,2,2
4.2.1.108,2,2,2,2,2,2,2,2,2,2,2,2,2,2,2,2,2,2,2,2,2,2,2,2,2,2,2,2,2,2,2,2,2,2
4.2.1.109,2,2,2,2,2,2,3,2,2,2,2,2,2,2,2,2,2,2,2,2,2,2,2,2,2,2.99,2.05,3,2,2,2,3,2,2
4.2.1.11,5,6,7,7,7,6,8,7,6,6,6,6,6,7,6,7,7,6,7,6,6,7,7,6,5,8,7,6,5.01,7,5.98,7,7,6
4.2.1.112,2,2,2,2,2,2,2,2,2,2,2,2,2,2,2,2,2,2,2,2,2,2,2,2,2,2,2,2,2,2,2,2,2,2
4.2.1.113,3,3,3,4,3.01,4,8,8,4,3,4,3.02,3.97,3,3,3.01,7,8,3,3,5,2.64,3.13,3,8,4,3,3.99,3,3.13,8,3,3.1,3
4.2.1.115,2,2,2,3,2,2,3,2,2,2,2,2,2,3,2,2.15,3,2,3,2,2,2,2.79,2,2,3,2,2,2,2,2,2,2,2
4.2.1.12,1,1,2,2,2,2,2,2,2,1,1.95,1.99,1.99,2,1.97,1.97,2,2,2,1.94,1.98,1,2,1,2,2,2,2,1,1.95,2,2,1,1.93
4.2.1.126,2,4,3,3.01,3.99,4,6,4,3,4,3,4,5,4,3,3.54,4,4,3,4,3,2,4,3,3.9,5,3,4,2,3,3,2,2,2
4.2.1.134,1.91,1,1.86,2,2,2,1,1,2,2,1.98,2,1.83,2,1.99,2,1,2,2,1,2,1.79,2,1,1,1,2,2,1.85,2,2,1.99,1,1
4.2.1.148,2,2,2,2,2,2,2.97,2,2,2,2,2,2,2,2,2,2,2,2,2,2,2,2,2,2,2,2,2,2,2,2,2,2,2
4.2.1.151,2.39,2,2,3,2,2,2,2,2,4,4,2,2,3,2,2.04,2,2,3,3,6.98,2,3,2,2,3,3,3,2,2,2,2,9,4
4.2.1.171,1,1.98,1,1,1,1.91,1,1,1,1,1,1,1,1,1,1,1,1,1,1,1,1,1,1,1,1,1,1,1,1,1,1,1,1
4.2.1.19,2.31,4,3,3,3,2,4,3,3,3,3,3.59,3,3,2,3,3,3,2.76,3,3,2,4,3,2,4,3,3,3,5,3,2,2.1,3
4.2.1.2,5.07,5,7,5.39,6.01,7,9,8.23,7,6,6,5.54,6,6,6,8,9,6,6,5.99,6,6,7,7,7,7,5,6,8,5,7,7,6,6
4.2.1.20,4.98,7,6.22,6,6,4,8,5,4.3,7.86,7,7.54,8,6,6,5,8,5,4.18,8,8,4,6,5,6,7,6,4,7,8,6,4,6,5
4.2.1.22,2,2,2,2,2,2,3,2,2,2,2,2,2,2,2,2,2,2,2,2,2,2,2,2,2,2,2,2,2,2,2,2,2,2
4.2.1.24,3,3,4,4,3.02,3,6,3.04,3,4,3,3,3,4,3,3.24,5,3,4,3,3,4,4,3.85,4,5,5,3,3,3,4.02,4,3,3
4.2.1.28,3.07,5,4,3,3.38,3.04,8,4,4,3,3,5,5,3,4,4,8.01,4,3,3.08,3,2.3,3,3,5,3,3,3,3.34,5,7,3,3,3
4.2.1.3,2,2,2,2,2,2,2,2,2,2,2,2,2,2,2,2,2,2,2,2,2,2,2,2,2,2,2,2,2,2,2,2,2,2
4.2.1.33,4,5,5,6,5,7,8,5,5,6,4,5.54,5,6,4,6,6,5.99,6,5,5,5,6,5,5,8,5,5,4,5,5,5,4,4
4.2.1.36,1,1,1,1,1,1,1.97,1,1,1,1,1,1,1,1,1,1,1,1,1,1,1,1,1,1,1,1,1,1,1,1,1,1,1
4.2.1.40,2,2,2,2,2,2,2,1,2,2,2,2,2,2,2,2,2,2,2,2,2,1.73,2,2,2,2,2,2,2,2,2,2,1.97,2
4.2.1.41,2,3,2,2.77,2.31,2,3,2,2,2,2,3,3,3,2.07,2.27,2,2,2,2,2.01,4,4,4,8,3.96,6,4.02,6,6,3,4,5,5
4.2.1.42,2,2,3,4,2.01,3.41,7.12,2,2.68,3,3,2.85,2,3,2,3,7,2,3,2.99,2,7,2.4,2,2,3,3,2,2,2,3,7,2,2
4.2.1.44,2,2,2,2,2,2,3,2,2,2,2,2,2,3,2,2,3,2,2,2,2,2,2.66,2,2,3,2,2,2,2,2,2,2,2
4.2.1.45,5,3,3,4,4,3,3,4,4,3.19,3,3,3.93,5,6,4,2.29,3,3,5,2.18,3,7,4,3,4,3,4,3,3,3,2,3,3
4.2.1.46,3,3,3,4,4.21,3,6,3.31,3,3,3,4,4,4,5,4,5,4,4,3,4,3,6.45,3.24,4,6,3.99,4,3,4.39,4,3,4.02,4
4.2.1.47,2,2.62,3,3,3,2.99,3.93,3,3,3,3,3,3,3,2,3.14,3,3,3,3,3,2,3,3,2,4,3,2,2,2.33,3,2,2,2
4.2.1.48,2,2,2,2,2,2,2,2,2,2,2,2,2,2,2,2,2,2,2,2,2,2,2,2,2,2,2,2,2,2,2,2,2,2
4.2.1.49,7.07,8,9,8,8,9,9,5,9,7,5,7,8,9,7,9,9,4.11,9,7,6,4,8,6,7,5.11,4,6,6,5,6,4,6,6
4.2.1.51,4.07,4,5,4,4,3,5,3,4,4,4,4,4,5,4,5,4,4,4,4.61,4,3,4,4,4,5,4,6,4,3.99,4,3,3,3
4.2.1.59,2.06,3,3,3,3,3,4,3,2.99,3,6,4,4,3,2,3,3,3,3,3,6,2,3,3,2,4.98,3,3,2,3,3,2,6,5
4.2.1.6,2,1,2,2,2,1.86,2,1,2,1.99,2,2,1.89,2,1,2,2,2,2,1.94,2,1.99,2,1.91,1,2,1.65,1,1,1.97,2,1,1,2
1.11.1.21,3,3,4,3,3,4,4,4.17,4,4,3,3.49,3.01,4,3,4,4,3,4,4,3,3,3,3,3,4,3,3,3,4,3,3,3,3
4.2.1.68,2,3,2.02,2,2,2,3,2,3,2,2,2,2,2,2,2,2,2,2,2,2,2,2,2,2,2,2,2,2,2,2,3,2,2
4.2.1.69,1,1,1,1,1.98,1,1,1,1,1,1,1,1,1,1,1.93,1,1.7,1,1,1,1,1,1.94,1,2,1.99,1,1.99,1,1,1,1,1
4.2.1.70,2.92,2,2,3,2,2,3,2.64,3,3,2.02,3,3,3,2.75,3,2.99,3,2.23,2.98,3,2,3,2,2,3.97,2.99,3,2,2,2,2,3,3
4.2.1.75,4.07,4,4.02,5,6,5,6,5,5,6,4,5,5,6,7,6.02,5,5,7,6.84,4,4,7,5,6,6.94,8,7,3,5,5,4,5,5
4.2.1.79,3.07,4,6,3,4,4,5,2,4,3,3,3,3,4,3,5,5,2,3,4,4,2,2.9,2.07,2,3,2,2.62,2,2,2.98,2,3,3
4.2.1.8,3,4,5,4,4,4,5,3,4,4,3,4,4,4,3,4,3,3,4,3,3,4,4,4,3,5,3,4,3,4,3,4,3,3
4.2.1.80,2,2,2,2,2,2,2,1,2,2,2,2,2,2,2,2,2,2,2,2,2,1.83,2,2,2,2,2,2,1.98,2,2,1,1.96,2
4.2.1.82,2,2,2,2,2,1.91,2,2,2,2,2,2,2,2,2,2,2,2,2,2,2,1,2,2,2,2,2,2,2,2,1.99,1.9,1.99,2
4.2.1.84,2,2.8,2,2.78,2,3,5,2,4,2.06,6,2.02,2,2.58,2,3,5,2,2.02,2,8,2,3,2,2,3,3,3,2,2,2,2,3,2
4.2.1.9,4,7.08,7,7.1,9,7,7,6,4,8,7,6.53,7,8,6,6,6,6,6.17,7,7,7,7,5,6,7.99,7,6,8,7,6,6,7,6
4.2.1.90,2,2,1.98,1.95,2,1,1.94,1,1.82,1,1,1,1.96,1.98,1,2,1.97,1,1.99,1,1.84,1,2,2,1,2,1.59,1.91,1,2,1.99,1,2,1.92
4.2.1.96,2,2,4,3,2.01,2.95,3,2.08,2,3,2.09,2,2,3,3,3,3,3,2,3,3,2,3,3,2,3,2,2,2,2,2,2,2,2.3
4.2.2.2,2,2,3,2,2,2,2,2,2,2,2,2,2,2,2,2,2,2,2,2,2,3,2,4,2,2,2,3,2,2,2,3,2.59,2
4.2.2.3,2,2,2,2,2,3,3,2,2,2,2,2,2,2,2,2,2,2,3,2,2,2,2.17,2,3.94,3,3,2,2,3,2.29,2,2,2
4.2.2.6,2,2,2,2,2,2,2,2,2,2,2,2,2,2,2,2,2,2,2,2,2,2,2,2,2,2,2,2,2,2,2,2,2,2
4.2.3.1,2,2,2,2,3,2,2.89,2.11,2,2,2,3,3,2.85,2,3,2,2.89,3,2,2,2,3,2.6,2,3,2,2,2,2,2,2,2,2
4.2.3.12,1,1,1,1,1,1,1.79,1,1,1.94,1,1,1.92,1,1,1,1,1.81,1,2,1.8,1,1,1,1,1,1,1,1,1,1,1,1,1
4.2.3.153,2,2,3,2,2.02,3,2,2,3,2,2,2,2,2,2,3,2,2,3,2,2,2,2,2,2,2,2,2,2,2,2,2,2,2
4.2.3.3,2,2,2,3,2.94,2.29,3,2,2,2,2,3,2,3,2,3,3,3,3,2,3,2,3,2,2,3,3,2,2,2,2,2,2,2
4.2.3.4,5.41,6,8,8,7,6,8,7,7,7,6,6.54,6,8,6,7,7,7,5,7,6,7,6,7,7,6,9,6,6,6.05,7,6,6,5
4.2.3.5,3.21,6,3,5,5,5,4,4,4.53,4,3,5.54,5,5,4.84,6,3,4,4,4,3,5,5.96,3,3,5.58,4,3,4,3,3,6,5,4
1.13.99.1,2,1,2,2,2,2,2,1,1.99,2,1.99,2,2,2,1.8,2,2,2,2,1,2,1,2,1.8,2,2,1.62,1,1.79,1.95,1.99,1,2,1
4.2.3.6,1,1,1,1,1,1,1,1,1,1,1,1,1,1,1,1,1,1.8,1,1,1,1,1.98,1,1.81,1,1,1,1,1,1,1,1,1
4.2.99.20,2,3.99,4,3,3.08,3,3,3,2,3,4,3,3,3,3,2,3,3,3,4,3,3,4,2.1,5,4,4,5,5,3,5,3,4,6
4.3.1.1,2,2,4,3,3,3,3,2,2,3,2,2,2.98,3,3,3,3,2,3,3,2,2,3,3,3,4,2,2,2,2.84,3,2,2,2
4.3.1.17,3.07,3,5,4.33,5,5,5,4,5.97,5,4.39,4,3.34,4,4,5,4,4,5,4,5,4,5,5,4,6,5,4,3,5,5,4,5,5
4.3.1.18,2,2,3,3,3,2.74,4,3,2,4,3,2.2,2.87,3,3,2.56,3,3,3,3,3,2,3,3,2,4,6,4,2,2,2,2,4,3
4.3.1.19,3.07,3,4.01,4,4,4,5,3.64,4,4,3,3.57,3,5,3,5,4,4,5,4,3,3,4,4.91,4,6,4,4,5,3,4,3,3,3
4.3.1.2,2,2,2,2,2,2,2,2,2,2,2,2,2,2,2,2,2,2,2,2,2,1.99,2,2,2,2,2,2,2,1.95,2,2,1.91,2
1.14.11.1,2,2,2,2,2,2,2,2,2,2,2,2,2,2,2,2,2,2,2,2,2,2,2,2,2,2,2,2,2,2,2,2,2,2
4.3.1.24,1,1,2,1,1,1.82,1,1,1,2,1.93,1.74,1,1,1,1.86,1,1.9,1.67,1.99,1.98,1,1.72,1,1,1,1,1,1,1,1,1,1,1
4.3.1.29,2,2,2,2,2,2,2,2,2,2,2,2,2,2,2,2,2,2,2,2,2,2,2,2,2,2,2,2,2,2,2,2,2,2
4.3.1.3,3,3,3,3,3,4,6,3,4.98,3.03,3,3,3,3,3,4,5,3,3,3,3,3,4,4,8,5,3,3,3,3,6.47,3.75,4,4.16
4.3.1.30,1.88,1.94,2,2,2,1.98,2,1,2,1.94,2,2,1.98,2,1.89,2,2,2,2,1.91,2,1.98,2,2,2,2,2,2,2,1.95,2,1.77,1,1.85
4.3.1.7,2.08,3,3,3.95,4,4,5,3,3,3,3,3,3,4,3.01,4,4,3,4,4,4,3,6,3,3,5,3,3,3,3,3,3,2,2
4.3.2.1,5.07,4,6,5.01,5,5,5,6,5,5,6,4.06,4.91,6,6,5,4,6,5,5,6,6,7.4,7,5,7,5,6,7,7,4.96,6,10,9
4.3.2.2,3.03,4,4,5,6,4,6,6,4,5,5,4.01,4,5,6,4,5,6,5,5,5,5,9,5,5.74,8,6,5,4,6,5,5,5,5
4.3.2.3,2,2,2,2,2,2,2,2,3,2,3,2,2,2,2,2,2,2,3,2,2,3,2,2,3,3,3,2,2,2,2.03,2,2,2
4.3.2.9,2,2,4,2,2,2,2,2.03,2,2,3,2,2,2,2,2,2,3,3,2,2.88,2,2,2,2,3,2,2,2,2,2,3,2,2
4.3.3.6,2,2,2,2,2,2,2.05,2,2,2,2,2,2,3,2,2,3,2,2,2,2,2,2,2,2,2.08,2,2,2,2,2,2,2.68,2
4.3.3.7,4,4,5.05,6,5,5,6,5,5,6,7,4.32,4,6,4,6,5,5,6,5,7,6,5,6,5,6,6,7,4,4.36,5,5,6,6
4.3.99.3,3,2,2,3,2,2,3,2,3,2.01,2,3,3,3,2,3,4,3,3,2,2,2,3.43,3,6,3,2,2,2,2,4,2,2,2
4.4.1.15,5,3,3.04,3,3,2,5,3,3.08,3,3,3,3,4,3,5,5,2.99,3,3.98,2.83,5,5,3,4,3,5,4,4,4,3.6,6,3,6
4.4.1.17,1,2,1.99,1.86,1.96,2,2,1,2,2,1,2,2,2,1,1.96,1.97,2,1,2,1.76,2,2,2,2,2,2,2,1.88,2,2,2,1,1.98
4.4.1.19,3.07,2,2,2,2,2,2,2,3,2,2,2,2,2,2,5,2,2,2,2,2,2,2,2,2,2,2,2,2,2,2,2,2,2
4.4.1.21,2,2,2,2,3,2,2,2,2,2,2,2,2,2,2,2,2,2,2.12,2,2,2,2,2,2,3,2,2,2,2,2,2,2,2
4.4.1.22,10,10,9,10,10,10,9,10,10,9,10,10,10,10,10,10,8,10,10,10,10,10,10,10,10,10,9,8,10,10,10,10,10,9
4.4.1.3,2,2,2,2,2,2,2,2,2,2,2,2,2,2,2,2,2,2,2,2,2,2,2,2,2,2,2,2,2,2,2,2,2,2
4.4.1.5,2,2,2,2,2,2,2,2,2,2,2,2,2,2,2,2,2,2,2,2,2,2,4,2,2,2,2,2,2,2,2,2,2,2
4.4.1.8,5.07,4,5,5,5.27,4,6,5,6,5,7,4,4,5,5,6,5,4,4,4,7,4,6,6,6,6,5,5,5,5,6,4,8,6.01
4.4.1.9,1,1,1,1.87,1,1,1,1,1,1,1,1.95,1,1,1,1.83,1,1.58,1,1,1,1,1,1,1,1,1,1,1,1,1.71,1,1,1
4.6.1.1,2.99,3,3,3,3,3,3,3,3,3,3,3,3,3,3,3,3,3,3,3,3.88,3,4,3,3,4,3,4,3,4,3,2.94,3,3
4.6.1.12,2,3,2,3,5,2.54,5.18,2,2,3,4,3,3,3,6,3,5,3,3,3,4,2,3,3,2,4,3,2,2,2,2,2,2,2
4.6.1.17,4,4,3,3,3,3,3,3,3.6,4,3.72,4,4,4,3.02,4,3,3.45,4,3.01,4,4,4,3,3,4,3.15,4,4,3,3,3,3.99,3
4.6.1.2,2,2,2,2,2,3,3,2,2.98,2.93,2,2,2,2,2,2,3,2,2,2,2,2,2,3,2.71,3,2,2,2,2,2,2,2,2
4.7.1.1,2,2,2,2,2,2,2,2,2,2,2,2,2,2,2,2,2,2,2,2,2,2,2,2,2,2.11,2,2,2,2,2,2,2,2
4.99.1.1,5,3,3,4,3.57,3,6,6,4,5,4,4,4,4,3,4,6,4,3.97,4,3.99,6,4,5,4,5,4.99,3,3,3,4,6,4,4
4.99.1.3,4.05,4,4.22,4,4,5,4,4.02,5,4,3.76,5,5,5,4,5,3,4,5,4,4,5,5,5.79,4,7,4,5,5,3.48,4,5,4,3
4.99.1.7,2,2,2,2,2,2,2,2,2,2,2,2,2,2,2,2,2,2,2,2,2,2,2,2,2,2,2,2,2,2,2,2,2,2
5.1.1.1,6.02,6,7,8,8,6,8,6,6,8,7,6.54,7,8,8,7,7,6,7,7,7,6,8.18,7,7,9,8,7,8,7,6,7,8,6.99
5.1.1.3,5,5,6,7,7,5,7,5.01,5,8,6,5,5,6,6,7,6,6,5,7,7,6,5,6,7,7,7,7,5,5,5,6,6,6
5.1.1.7,4,5,5,5,5,5,5,4,4,6,4,5,5,5,5,5,4,4,4,5,4,4,6,4,5,6,4.98,5,5,6,5,4,3,3.55
5.1.2.1,2,2,2,2,2,2,2,2,2,2,2,2,2,2,2,2,2,2,3,2,2,2,2,2,2,2.5,2,2,2,2,2,2,2,2
5.1.3.1,4,4,3,4,5,4,5,4,4.95,4,3,4,4,4,4,5,5,4,4,3.04,3.36,4,7,5,4,5,5,7,6,6,3,4,4,4
5.1.3.14,2,2,2,2,2,2,2,2,2,2,2,2,2,2,2,2,2,2,2,2,2,2,2,2,2,2.85,2,2,2,2,2,2,2,2
5.1.3.15,2.93,2,2,3,2.02,2.07,3,2,2,2.01,2,2,2,3,2,3,3,2,2,2,2,2,3,2.82,3,3,2,2.63,2,2,3,2,2,2
5.1.3.18,1.95,2,1.99,2,1,2,1.82,1,1.82,1,2,2,2,2,1,2,1,2,1.99,2,1.97,1.92,2,1.98,1.94,2,2,2,2,1.95,2,1.98,1.9,1.92
5.1.3.2,3,3,4,5,4,3,5,7,4,4,4,4,4,5,4,4,4,7,4,4,4,3,5.3,4,4,7,5,4,3,4,3,3,3,3
5.1.3.20,2,2,2,2,2,2,2,2,2,2,2,2,3,2,2,2,2,2,2,2,2,2,2,2,2,3,2,2,2,2,2,2,2,2
5.1.3.22,2,2,3,2,2,2,2.96,2,2,2,2,2,2,2,2,2,2.13,2,2,2,2,2,2,2,2,2.74,2,2,2,2,2,2,2,2
5.1.3.3,4,5,5,6,7,4,9,6,5,5,5,5,5,6,7,5,9,5.06,5,4,5,4,6,6,7,6,5,5,5.15,6,8,5,8,7
5.1.3.4,2,2,2,3,2,2,2,2,2,2,2,2,2,3,2,2.3,2,2.08,2.48,2,2,2,2.98,2,2,3,2,2,2,2,2,2,2,2
5.1.3.9,2,2,4,3,3,3,3,2,2,3,3,2,2,3,2.03,3,2,2.55,3,2.83,3,3,3,2,3,4,3,3,2,3,3,3,2,2
5.1.99.1,2,2,2,2.95,2,2,2,2,2,2.05,2,2,2.97,3,2,3,2,2,2.42,2,2,2,3,2,2,3,3,2,2,2,2,2,2,2
5.2.1.1,2,2,2,2,2,2,2,2,2,2,2,2,2,2,2,2,2,2,2,2,2,2,2,2,2,2,2,2,2,2,2,2,2,2
5.2.1.13,1.96,1,2,2,2,1,2,1,2,1.98,2,1.92,2,2,1.99,2,2,2,2,2,1.83,2,2,1,2,2,2,2,2,2,1.89,2,2,2
5.2.1.14,1,1,1,1,1,1,1,1,1,1,1,1,1,1,1,1,1,1,1,1,1,1,1,1.86,1,1,1,1,1,1,1,1,1,1
5.3.1.1,3,3.01,4,4,4,4,5.17,3,3.6,4,3,4,4,5,4,4,4,4,4.93,4,4,2.98,8,3,3.54,5,4,3,3,4,4,3,3,3
5.3.1.12,2,3,3,4,3,3,4,3,3,3,3,3.99,3,4,2,4,3,4,4.7,3,3,2,4,3,3,5,3,3,3,3,3,3,4,3
5.3.1.14,2,2,2,3,2,2,2.15,2,2,2,2,3,2,3,2,3,2,2,3,2,2,2,3,2,2,4,2,2,2,2,2,2,2,2
5.3.1.15,2,2,2,2,2,2,2,2,2,2,2,2,2,2,2,2,2,2,2,2,2,2,2,2,2,2,2,2,2,2,2,2,2,2
5.3.1.16,3,3,3.98,5,6,3,4,5,3,5,9,3.56,4,5,6,3,3,5,3.63,5,8,3,7,3,3,6,5,4,3,5,3,3,5,4
5.3.1.17,2,2.98,3,3,3,3,3,2,2,2.01,3,3,3,3,2,3,2,3,4,3,3,2,3,2,2,3.86,2,2,2,2,2,2,2,2
5.3.1.22,2,2,2,2,2,2,2,2,2,2,2,2,2,2,2,2,2,2,2,2,2,2,2,2,2,2,2,2,2,2,2,2,2,2
5.3.1.23,3,2,3,3,3,3,3,4.19,3,3,3,3,3,3,3,3,3,5,3,3,3,2,3,3,4,4,3,3,3,3,3,2,2.9,2
5.3.1.24,5,5,5,6,5,5,4,5,5,4.79,5,6,6,6,6,7,3,5,5,7,6,5,7,6,4,6,4,5,6,4,4,5,5,4.03
5.3.1.25,2,3,3,4,3,2,4,3,2.17,2,3,3,3,4,2,4,3,3,4,2,3,2,3,2.68,2,5,3,2.01,2,2,3,2,3,2.07
5.3.1.26,2,3,4,3,3,3,4,3,3,3,3,3,3,4,3,3,3,3,3,3,3,2,3,3,2.22,4,3,2,2,3,3,2,3,3
5.3.1.28,2,5,2,2.42,4.19,2,2,4,2,2,2,4,4,2.07,3,2,2,4,2,2,2,2,3,2,2,3,2,2,4.19,3,2,2,2,2
5.3.1.30,2,2,2,2,2,2,2,2,2,2,2,2,2,2,2,2,2,2,2,2,2,2,2,2,2,2,2,2,2,2,2,2,2,2
5.3.1.4,2,2.82,3,4,5,3,3,4,3,4,5,3,3,5,3,4,3,5,3.24,3,6,3,4,3,3,4,4,3,2,3,3,3,2,3
5.3.1.5,2,2.01,3,3,2.98,2.75,3,3,2.84,2.96,2,3,3,3,2,3,2,3,3,2,3,3,3,3,2,4,3,3,3,3,2,3,3,2
5.3.1.6,5,5,7,5,4,5,4,7,5.9,7,6,5,5.89,6,4,7,3,7,4,7,5,4,4,7,3,5,4,4,7,3.08,3,4,5,3
5.3.1.8,4.01,4,3,6,6,3,5.01,5,5,5,7,4,4,6,5,5,5.16,5,4,5,8,4,7,5,6.2,5,5,5,4,4,6,4,6,5
5.3.1.9,3,4,4,5.92,5,4,7,4,4,4,4,5,4,6,4,5,5,5,5,4.88,4,3,5,4,4,6,5,4,4,4,4.04,3,3,3
5.3.2.3,3,3,3,4,2,4,3,2.01,4,3,2.97,3,4,4,2,4,3,2,4,3,2.01,2,2,2,2,2,2,2,2,2,2,2,2,2
5.3.3.1,2,2,2,2,4,2,2.95,2,2,2,2,2,2,2,4,2,2,2,2,2,2,2,3,3,2,2.9,2,3,2,2,2,2,3,3
5.3.3.10,2,2,2,2,2,2,3,4,2,2,2,2,2,2,2,2,2,3,2,2,2,2,2,2,2,2.26,2,2,2,2,2,2,2,2
5.3.3.18,4.07,2,4,3,3,3,4.04,3,5,3,3,2.46,2.11,3,3,3,2,3.98,3,3,3,6,5,5,5,5,5,3,3,5.12,6,3.38,4,3
5.3.3.2,2,3,3,3,3,3,5,3,3,3,3,3,3,3,3,3,4,3,3,3,3,3,4,3,3,4,3,3,3,3,3,3,2,2
5.3.3.4,2,2,2,2,2,2,2,2,2,2,2,2,2,2,2,2,2,2,2,2,2,2,2,2,2,2,2,2,2,2,2,2,2,2
5.3.99.3,1,1,1,1.98,2,1,1.81,1,1,1,1,1.73,1,1.73,1.92,1.73,1,1,1,2,1,1,1.88,1,1,1,1,1,1,1,1,1,1,1
5.3.99.6,2,2,1.96,2,2,2,2,2,2,2,2,2,2,2,2,2,2,2,2,2,2,1.71,2,1.88,1.97,2,2,2,1.93,1.75,2,1.8,1.9,1.81
5.4.1.3,1.66,1,2,2,1.94,1,2,1,1.82,1.95,1.89,1.93,1,2,2,1,2,2,1,1,1,1,2,1,1.79,1,1,1,1,1,1,1,1.9,1
5.4.2.10,5.07,7,9,8,7.28,6,8,6.95,7,7.31,7.81,8,9,8,7,8,6.31,6.01,8,6,8,6,7,8,6,9,6,8,7,7,6,5,9,8
5.4.2.11,3,4,5,4,4,4,4,3,4,5,3,4,4,5,4,4,3,4,4,5,3,2.99,4,4,2,4,4,2,3,3,3,3,2,2
5.4.2.12,3,3,4,5,4,4,6,4,3.94,4,4,4,4,5,3,4,4,5,5,4,4,3,5,3.28,3,6,4,4,3,4,3,3,3,3
5.4.2.2,2,2,2,2,2,2,2,2,2,2,2,2,2,2,2,2,2,2,2,2,2,2,2,2.14,2,2,2,2,2,2,2,2,2,2
5.4.2.3,1,1,1,2,1,1,1.82,1,1,1,1,1,1.69,1.81,1.89,1.88,1,2,1,1,1.87,1,1.65,1.99,1.95,2,1.56,1,1,1,1.79,1,1,1
5.4.2.6,2,2,2,3,2,2,2,2.06,2,2.59,2,2,2,3,2,2,2,2,2.82,2,2.67,2,3,2,2,3,2,2,2,2,2,2,2,2.08
5.4.2.7,4.07,6,5,6,6,5,4,4,5,4.89,5.02,6,6,6,4,5,4.72,6,5.04,4,8,4.1,4,6,5,5,5.39,3.93,5,4,4.13,6,5,5.58
5.4.2.8,2,2,2,2,2,2,2,2,2,2,2,2,2,2,2,2,2,2,2,2,2,2,2,2,2,2,2,2,2,2,2,2,2,2
5.4.2.9,2,2,2,3,2,2,2,2,2,3,3,2,2,2.82,2,2,2,2,2,3,4,2,3,2,3,2,3,3,2,2,3,2,3,3
5.4.3.2,2,2,2,2,2,2,2,2,2,2,2,2,2,2,2,2,2,2,2,2,2,2,2,2.65,2,2,2.99,2,2,2,2,2,2,2
5.4.3.8,2,2.33,2.98,4,3,3,4,3,2.54,3.05,3,3,3,4,3,3,4,3,3,3,4,2,4,3,3,4.94,3,3,2,3.97,3,3,3,3.29
5.4.4.2,2.42,7,6,5.02,8,8,8,4,3,5,5,6,6,5,6,4,7,6,7,5,4,3,4,3,3,5,3,4,2,3,4,3.41,4,3.97
5.4.99.1,2,3,2,3,3,2,2.51,3,2,3,3,3,3.15,3,3,2,2,3,2,2.01,3.14,2,3,2,3,3,4,4,3,4,2.4,2,4,4
5.4.99.15,5,4,5,5,5,4,5,4,5,5,5,4.8,5,5,4.83,5.49,4,4,6,5,6,5,5,5,5,6,6,8,4,5,5,6,5,5
5.4.99.16,2,2,3,3,2,3,3,4,2,3,3,2,2,3,2,2,3,3,3,2,4,2,2,2,2,3,5,3,2,2,2,2,3,2
5.4.99.18,2,3,2.96,3,3,3,4,2,2,2.44,2,3,3,3.01,2,3,3,3,4,2,2.04,4,3,2,3,4,2.91,2,2,2,3,4,2,2
5.4.99.2,2,2,2.21,3,2,2,2,2,2,2,2,2.9,2.26,3,2,3,2,3,3,2,2,2,3,2,2,4,2,2,2,2,2,2,2,2
5.4.99.30,1.75,2,1.8,2,2,1.87,1,1,1.84,1,1.92,1.91,1.95,1.96,1,1,1,2,1.67,1,2,1,1.87,1,1,2,1.63,1.75,1,1,1.65,1,1,1
5.4.99.5,3,3,3,3,4,3,4,3,3,7,4,3,3,3,4,3,3,3,4,6,4,4,3.01,4,4,5,4,5,3,3,4,5,4,3
5.4.99.58,1.99,1,1.84,1,1.88,1,1,1,1,1,2,1.98,1,1.96,1,2,1.87,2,1.93,1,2,1,2,2,1,1,1.62,1.95,1,1,1,1,1,1
5.4.99.60,2,2,2,2,2,2,2,2,2,2,2,2,2,2,2,2,2,2,2,2,2,1,2,2,2,2,2,2,2,2,2,2,1.99,1.98
5.4.99.9,7,9,8,8,9,7,6,9,8,10,9,8,8,8,8,9,5,8,6,9,9,7,9,8,9,6,8,9,8,10,8,7,7,7
5.5.1.2,2,2,2,3,3,2,3,2,2.02,2,2,3,2,2.11,2,3,3,2,3,2,2.01,2.05,3,2.45,2,3,2.06,3,3,2,3,2,2,2
5.5.1.27,1,1,1,1,1,1,1,1,1,1,1,1,1,1,1,1,1,1.51,1,1,1,1,1,1,1,1,1,1,1,1,1,1,1,1
5.5.1.4,2,2,2.99,3,3,3,3,2,3,3,2,3,3,3,2,3,2,3,3,3,2,2,3,2,2,3,2,2,2,2,2,2,2,2
5.5.1.6,2,2,2,2,2,2,2,2,2,2,2,2,2,2,2,2,2,2,2,2,2,2,2,2,1.99,2,2,2,2,2,2,2,2,2
5.5.1.9,1.76,2,1,1.99,2,1,1.8,1,1,1,1,1.95,1,1,2,1.99,1.99,1.97,1,1,1.86,1,1.96,1,1.75,1,1,1,1,1,1,1.76,1,1.83
6.1.1.1,3.07,4,6,6,6,4.15,7,4,4,6,4,5,4.19,5,6,5,7,5,4.94,6,4,3,5,4,5,6,4,4.98,3,7,6,4,4,3.35
6.1.1.10,8,4,6,6,6,8,5,5,6,6.93,6,4.54,4.93,7,7,7.01,4,6,9,9,6.97,6.03,8,9,4,7.93,9.08,8,4,6,7,6,6,8
6.1.1.11,3,4,5,6,5.4,5,7,4,3,6,5,5,6,6,5,4,5,4,6,5,5,4,5,4,4,6,4,4,4,4,4,3.26,4,3
6.1.1.14,9,8,8,8.99,8,9,8,9,9,8,7,9,9,9,8,10,8,8.08,8,8,8,7,9,8,8,9.99,8,6,7,7,8,7,8,7
6.1.1.15,4.07,6,7,6,6.71,6,7,8,6,7,6,7,8,6,7,6,7,8,6,6,6,5,6,5,5.94,8,5,6,4,5,6,5,5,5
6.1.1.16,3,3,4,5,4,4,7,4,4,4,4,4,4,5,3,4.99,6,4,5,4,4,4,5,4,6,6,4,4,3,3,5.02,4,3,4
6.1.1.17,3,4,5,6,5,4,5,4,4,7,4,4.95,4.75,6,4,4,4,4.21,4.63,6,4,3,5,4,4,6,5,5.76,3,4,4,3,4,4
6.1.1.18,7,4,7,7.59,8,7,5,9,8,6.01,5,5,5,7,7,8,5,8,5.32,6,6,7,8,7,8,8,6,6,6,8,7,7,9,8
6.1.1.19,4,5,5,5,5,4,6,5,4.86,5,5,5.54,5,5,5,7,4.19,5,5,5,5,4,6,5,4,7,5,6,6,4,4,4,4,4
6.1.1.2,2.07,3,3.01,4,3,3,4,3,3,3,5,4,4,4,3,4,3.13,3.97,4,3,4,3,5,3,3,5,3.63,4,3,3,3,3,3,3
6.1.1.20,5,6,9,8,8,8,9,8,7,8,7.19,6.23,7,8,7,7,8,8,8,8,8,8,7,7,10,9,8,9,8,8,9,7,8,7
6.1.1.21,3,4,5,5.98,5,4,7,5,4,6,5,5,4,6,5,5,5,4,4,7,5,4,7,5,5,6,4,5,5,4,4.65,4,5,4
6.1.1.22,3,3,4,3,3.04,4,4,3,4,5,3,3,3,4,3,6,3,3,6,5,3,2,4,3,3,4.43,3,2.94,2,2.04,4,2,2,2
6.1.1.26,2,2,1.99,2,1,1.84,1.96,1,2,1.97,1.87,2,2,2,1,2,1,1.99,1.63,1,1.86,1,1.98,2,1,2,1,1.72,1,1.7,1.96,1.98,1,2
6.1.1.3,8,8,8,9,7,8,6,10,9,9,7,8.54,9,9,6,9,5,10,7,9,7,7,5.98,9,6,7,5,5,8,5,6,6,7,5.96
6.1.1.4,4.07,4,5,6,6,5,6,5,6,5,5,5.4,5,6,5,7,5,6,6,4,5,3,6,5,4,7,4,4,3,4,4.39,4,4,4
6.1.1.5,6.07,7,7.96,9,9,9,8.02,7,7,8,7,7.54,8,9,8,8,8,7,9,8,8,7,6,6,7,8,7,6.01,5,5,6,8,7.01,8
6.1.1.6,5.07,7,6,7,6,6,6,5,6,6,6,7,7,7,6,7,5,6,8,6,6,6,8,6,6.02,8,7,6,5,6,6,6,4,5
6.1.1.7,8,8,8.5,8,8,7,7,7,8,7,6,8,8,9,6,9,6,6,9,6,7,7,7,7,7,8,7,8,8,8,7,7,6,6
6.1.1.9,4,5,5.61,6,5,6,6,4.93,4,5,5,6,6,7,5,5,5,5,6,6,5,4.97,6,5,4,8,5,6.89,6,5,5,5,5,5
6.2.1.1,6,5,4,4,6,5,5,4,6,5,5,3.99,4,4.3,5,6,4,4,4,4,3,6,4,6,4.99,5,7,4,6,6,4,5,4,3
6.2.1.12,1,1.94,1.85,1.91,1.9,1.98,2,1,2,1,1.99,2,1.9,1.77,1,1,1,2,1.68,1.9,2,1,2,1,1.98,2,1.56,1,1,2,1.96,1.87,1.91,1
6.2.1.13,2,1.97,2,2,2,1.98,2,2,1,1.93,2,2,2,2,2,2,2,1.99,1.88,1,2,1.98,1.66,1.82,1,1,2,2,1,1.9,2,1,1,1
6.2.1.14,2,2,2,2,2,2,2,2,2,2,2,2,2,2,2,2,2,2,2,2,2,2,2,2,2,2,2,2,2,2,2,2,2,2
6.2.1.16,3,3,3,3,3.22,5,4,3.21,3,3,3.96,3,3,3,3,3,3,3,5,3,4,3,4,4,3,4.11,3.02,3,3,4,3,3,4,3
6.2.1.17,3.07,2,2,2,2,2,2,2,3,2,2,2,2,2,2,3,2,2,2,2,2,2,2,4,2,2.98,2,2,3,2,2,2,2,2
6.2.1.26,3,3,3,4,4,4,5,3,3.08,4,4,3.49,3.05,3.03,4,3.99,4,3,3,4,4,3,4,3,5,4,3,3,3,4,5,3,4,3
6.2.1.3,4,4,4,4,4,4,4,3,5,4,4,5,5,4.92,3,4,3,3,4,3.76,4,5,5,3,3,4.85,4,4.98,4,4,3,4,5,5
6.2.1.30,4,3,3,3,3,4,3,3.01,5,3,3,3,3,3,2.03,4,3,4,3,3,3,3,3,4,2,4,2,3,3,3,2.75,3,4,3
1.1.1.127,2,3,3,3,3,3,3,2,2,3,3,4,3,4,3,3,3,3,4,3,3,3,3,2.4,2,3,2,2,2,3,2,2,2,2
1.14.11.55,2,2,2,2,2,2,2,2,2,2,2,2,2,2,2,2,2,2,2,2,2,2,2,2,2,2,2,2,2,2,2,2,2,2
6.2.1.5,3.07,4,6,5,7,6,7,5,5,6,5,4.54,4.01,5,6.87,5,6,5,6,5,5,5,5.62,5,9,7,7,5,3.91,6,7,5,5,4.92
6.3.1.1,4,3,2,7,3,4,4,7,3,9,3,4,3.97,7,3,3,3,8,5,9,3,7,4,3,4,5,8,3,2,3,4,8,3,3
6.3.1.2,4.07,6,8,7,8,8,8.76,7,7,8,6,7.53,6,7,7,6,7,6.19,7,7,6,8,9,8,5,9,7,7.72,7,9,6,7,7.99,6
6.3.1.20,2,2,2.01,3,2,2,3,3,2,2.01,2,3,2,3,2,3,2,3,3,2,2,2,3,2.95,3,4,3,2,2,2,2.98,2,2,2
6.3.1.5,3.05,4,2.01,4,5,4,4,3,5,3,3,4,4.09,4,5,4.92,3,3,3,3.18,3,3,6,3,2,4,3,3,2,4,2,3,3.04,3
6.3.2.1,5.07,7,7,8,7,7,7,5,5.99,7,7,7,7.98,7,7,6,6,4,7,7,8.8,6,4,6.62,6,6,6,6,6,6,6,7,7,7
6.3.2.10,5,6,5.02,5.99,6,5,6.29,7,6,9,6,6.54,7,6,6,6.75,5,6,5,7,6,5,8,6,7,8,6,7,7,5,7,5,6,5
6.3.2.17,9,9,9,10,9,9,8,7,10,9,9,9,10,10,9,10,9,6,10,9,9,6,7,6.99,7,8,6,6,5,5,8,6,5,8
6.3.2.2,8,7,7,8,6,8,7,7.01,8,7,7,8.54,9,9,7,9,8.19,6,8,8,8,8,7,8,7,9,6,7,9,6,7,8,10,7
6.3.2.3,3.03,4,5,4,4,4,4,5,4,5,4,4,4,4,4,3,3,4,4,5,3,7,5,6,5,5,7,4,6,7,5,4.01,5,4
6.3.2.4,4.07,8,6.97,5,7,7,7,6,5,6,4.38,8,8,6,7,6,7,6,5,7,5,4,5.02,7,4,7,5,5,6,5,4,5,6,6
1.14.11.8,1,1,1,1,1,1,1,1,1,1,1,1,1,1.99,1,1,1,1.97,1,1,1,1,1.94,1,1,2,1.6,1.94,1,1,1,1,1,1
6.3.2.5,2,2,3,2.56,4,3,3,3,2,3,5,2,2,2,4,2.14,2,3,3,3,6.45,6,4,2.03,5,3,3,6,3,5,4,6,6,7
6.3.2.6,4,5,4,4,4.88,4,5,6,4.45,5,3.21,4,5,4,4,4,4,4,4,3,3,7,4,7,5,5,4,7,6,6,4,6,3.18,3.01
6.3.2.8,4,8,6.43,5,7,5,6,5,5,6,4,7,7,5,5,5,5,5,5,5.05,5,4,4.01,5,5,6.99,4,5,4,4,5,4,5,4
6.3.2.9,3,5,4.06,5,6,4,8,5,6,7,5,5,6,6,7,4.15,7.04,5,4.05,6,5,4,9,5,6,7,8,6,5,6,6.98,5,6.04,7
6.3.3.1,4,4,6,6,7,5,5,5,5,6,4,4.55,4,6.68,4,5,4,4,5,5,4,4,4,6,3,6,5,3.97,3,5,4,3,3,3
6.3.3.3,3.07,3,4,4,3,4,5.06,4,3,4,5,4,4,4,3,3.39,5.75,4,4,4,5,4,4,4,4.34,5,4,5,4,4,4,4,5,5
6.3.3.6,1,1,1,1,1,1,1,1,1,1,1,1,1.73,1,1,1,1,1,1,1,1.82,1,1,1,1,1,1,1,1,1,1,1,1,1
6.3.3.7,1,1,1,1,1,1,1.86,1,1,1,1,1,1,1,2,1,1,1,1,1,1,1,1,1,1,1,1.67,1,1,1,1,1,1,1
6.3.4.13,4,3,4,4.05,4.01,4,5,4.43,4,4,3,4,4,5,3.02,5,4,4,5,4,4,4,5,5,6,6,6,5,6,5,5,4,4.01,4
6.3.4.15,4,6,7,7,7,7,8,6,5,6,5,6.51,7,7,7,5.85,8,6,7,6,5.88,5,8,5,6,7,5,5,6,6,5,5,5,4
1.14.12.1,2,2,2,2,2,2,2,1,2,2,2,2,2,2,2,2,2,2,2,2,2,1.97,2,2,2,2,2,2,2,2,2,2,2,2
6.3.4.2,6,4,4.77,6,4,6,6,7,7,7,4,4.52,4,6,3,6,4,7,5,6,4,8,5,9,4,7,6,4,3.99,4,4,7,4,3
6.3.4.20,3,3,3,3.3,3,3,4,3,3,3.04,3,3,3,4,3,3,4,3,3,4,4,4,3,5,4,4,3,3,4,4,4,5,3.9,4
6.3.4.21,5,5,6,6,5,5.04,7,5,6,5,5,5,5,6,4,5.71,6,4,5,5,4,4,5,5,7,7,5,6.64,5,5,7,4.01,6,5
6.3.4.23,1,1,1,1,2,1,1,1,1,1,1,1.84,1,1.86,2,1,1,1,1.73,1,1,1,2,1,1,1,1,1.84,1,2,1,1,1,1
6.3.4.24,1.99,2,2,2,2,2,2,2,2,2,2,2,2,2,2,2,2,2,2,2,2,2,2,2,2,2,2,2,2,2,2,2,2,2
6.3.4.3,3,5,4,5,5,3,5,5,3.04,4,4,5,5,5,3.58,4.04,4,5,5,4,4,3,4,4,4,6,3,3,4,4,4,3,3,3
6.3.4.4,3,3,4.9,5,5,5,5.02,5,3.01,7,5,4,4,5,5.39,4.01,5,5,6,5,5,3,5,4,4,6,5,4,3,4,4,3.31,5,4
6.3.4.5,3,3,4,4,3,4,6,4,4,3,4,4,3,4.1,3,5,7,4,6,3,4,3,4,4,4,5,3,3,4,4,7,3,5,4
6.3.5.1,2,5,2,5,6,2,5,2.61,2,5,5,6,5,7,5,2,4,2,2,6,5,2,6,2,2,3,4,4,2,2,2,2,3,3.96
6.3.5.2,5,5,4,5,5,4,6,5,4,5,4,5,4,5,4,5,4,6,4.02,4,4,4,5,7,4,6,5,4,5.25,8,4,4,7,6
6.3.5.3,7.02,7,9,8,7,7,8.99,6,7.7,7,8,7,8,8,6,9,7,6,8,7,9,8,6,9,7,8,8,8,7,7,7,8,7,8
6.3.5.4,5.07,5,7,7,6,6,8,8,7,7,7,6,6,8,6,7,7,6,6,7,8,5,8,7,7,8,6,7,6,6,6.02,5,7,7
6.3.5.5,5,7,5,7,7,5,9,5,6,8,5,7,7,7,7,6,8,6,6,8,5,5,7,7,7,9,7,7,8,7,7,5,8,7
6.3.5.7,9,10,10,9.06,9,10,10,9,9,9,9,10,9,9,9,10,9.02,8,9,9,10,10,9,10,9,9,9,10,10,9,9,10,10,9
6.4.1.1,3.82,4,4.53,5.63,5,4,6,5,4,5,6,4.71,4,6,4,4.86,5,5,4.43,5,6,3.14,5,5,4,5,4,4,4,4,4,4,4.36,4
6.4.1.2,7,7,8,9,9,7,10,7,8,8,8,7.99,8,9,9,8,9,7,7.97,8,9,8,8,7.02,6,8.88,8,7,6,6,7,8,6,6
6.6.1.1,2,3,3,3,3,2.6,3,3,2,3,3,4,4,3,3,2.15,3,2.74,3,3,3,2,3,2.72,2,3,2,2,2,2,2,2,3,3
6.6.1.2,2.03,3,4,5,5,4,3.04,3,3,3,2.02,3,3,4,4,3,3,2.34,3,3,2,2,3,3,4,3,4,3,2.97,3,4,2,3.99,2
1.14.12.19,1.97,2,1.99,1.97,2,2,2,2,1.85,1.96,1.95,1.98,1.94,1.73,1,1,2,2,2,1.84,1.84,1.99,2,2,2,2,2,2,1.98,1.91,2,1.98,1.94,2
1.14.12.22,2,2,2,1.91,2,1.96,2,2,2,2,1.94,2,1.78,1.82,1.9,1,2,1.94,1.92,1.83,1.77,1.75,2,2,1.78,1,1.98,2,1,1.98,1.99,1,2,1
1.14.13.1,2,2,2,2,2,2,2,2,2,2,2,2,2,2,2,2,2,2,2,2,2,2,2,2,2,2,2,2,2,2,2,1,2,2
1.1.1.130,1.99,2,2,2,2,2,2,2,1.99,2,2,2,2,2,2,2,2,2,2,2,2,2,2.3,2,2,2,2,2,2,2,2,2,1.98,2
1.14.13.127,2,2,2,2,2,2,2,2,2,2,2,2,2,2,2,2,2.5,2.45,3,2,2,3,2,2,2,2,2.94,2,2,2,2,4,2,2
1.1.1.132,2,2,2,2,2,2,2,2,2,2,2,2,2,2,2,2,2,2,2,2,2,2,2,2,2,2,2,2,2,2,2,2,2,2
1.14.13.149,2,2,2,2,2,2,2,2,2,2,2,2,2,2,2,2,2,2,2,2,2,2,2,2,2,2,2,2,2,2,2,2,2,2
1.14.13.208,2,3,2,3,4,3,2,3.2,2,3,3,3,3,4,4,2,2,3.02,3.99,4,3,3,4,2,2,2,3,4,3,4,2,4,3,3
1.14.13.25,1,1,1,1,1,1.85,1,1,1,1.92,1,1.99,1,1.93,1,1,1.94,1.84,1.65,1,2,1,1.98,1.97,1,1,1,1,1,1.76,1,1,1.9,1
1.14.13.39,2,2,2,2,2,1,2,1,1.02,1,2,1,1.75,2,1.85,1.95,2,2,1.71,2,2,1,2,1.82,1,2,1.86,1.97,1,1.99,2,1.97,1,1
1.14.13.7,1.59,2,2,2,2,2,2,2,1.98,2,2,2,2,2,2,2,2,2,2,1,2,1.89,2,2,2,2,2,2,2,2,2,2,2,1.98
1.14.13.8,1,1,1,1.89,1.83,1,1.93,1.01,1.84,1,1,1,1.61,1,1,1.93,1,1,1,1,1,1,1,1,1.01,1,1,1,1,1,1,1,1,1
1.14.13.81,2,2,2,2,2,2.38,2,2,2,2,2,2,2,2,2,2,2,2,2,2,2,2,2,2,2,2,2,2,2,2,2,2,2,2
1.14.13.9,3,3,3,3,3.01,3,3,4.3,4,4,3,3,3,3,3,3,2,3,2.61,3,3,2,3,4,4,3,5,4,5,3.26,2.01,3,4,4
